,atrib_0,atrib_1,atrib_2,atrib_3,atrib_4,atrib_5,atrib_6,atrib_7,atrib_8,atrib_9,atrib_10,atrib_11,atrib_12,atrib_13,atrib_14,atrib_15,atrib_16,atrib_17,atrib_18,clase
0,140,125,0,0.0,0.0,0.2777779,0.06296301,0.66666675,0.31111118,6.185185,7.333333500000001,7.666666499999999,3.5555556000000004,3.4444443999999996,4.4444447,-7.888889,7.777777700000001,0.5456349,-1.1218181999999999,0
1,188,133,0,0.0,0.0,0.33333334,0.26666674,0.5,0.077777736,6.666666499999999,8.333333999999999,7.777777700000001,3.8888887999999997,5.0,3.3333333,-8.333333,8.444445,0.53858024,-0.92481726,0
2,105,139,0,0.0,0.0,0.27777782,0.107407436,0.83333325,0.52222216,6.111111,7.5555553,7.222222299999999,3.5555556000000004,4.3333335,3.3333333,-7.666666499999999,7.5555553,0.5326279,-0.96594584,0
3,34,137,0,0.0,0.0,0.5000002,0.16666673,1.111111,0.47407418,5.851852,7.777777700000001,6.4444447,3.3333333,5.777777700000001,1.7777778000000002,-7.5555553,7.777777700000001,0.57363313,-0.74427164,0
4,39,111,0,0.0,0.0,0.72222227,0.37407416,0.8888889000000001,0.4296295,6.037037000000001,7.0,7.666666499999999,3.4444443999999996,2.8888887999999997,4.888889,-7.777777700000001,7.888889,0.56291884,-1.1757725,0
5,16,128,0,0.0,0.0,0.5,0.077777766,0.66666675,0.31111118,5.5555553,6.888889,6.666666499999999,3.1111112000000003,4.0,3.3333333,-7.333333500000001,7.111111,0.56150794,-0.98581076,0
6,26,67,0,0.11111111,0.0,1.0,0.8888903,2.4444447,3.1851847,20.0,19.555555,25.88889,14.555554999999998,-1.3333334,17.666666,-16.333334,25.88889,0.43693919999999997,-1.6232022,0
7,14,110,0,0.0,0.0,1.7222224,5.351850499999999,2.6666667,1.0222229,17.925926,18.88889,21.444445,13.444445000000002,2.8888887999999997,10.555555,-13.444445000000002,21.444445,0.36884832,-1.3450956,0
8,11,108,0,0.0,0.0,1.3333335,0.80000025,1.3888888000000001,0.95185167,17.666666,19.0,21.11111,12.888889,4.0,10.333333,-14.333332999999998,21.11111,0.38875645,-1.3021333000000002,0
9,85,101,0,0.0,0.0,1.3333334,1.2888881,1.2777777,1.2185181,21.296297,21.222220999999998,26.777779,15.888889,-0.22222222,16.444445,-16.222220999999998,26.777779,0.4047922,-1.5585992,0
10,18,145,0,0.0,0.0,0.38888896,0.018518496000000002,0.6111111,0.3740741,3.925926,5.5555553,4.0,2.2222223,4.888889,0.22222222,-5.111111,5.5555553,0.6005291,-0.57094,0
11,23,55,0,0.0,0.0,2.2222216,3.6740727,1.7777773000000001,0.7851852,23.444445,21.666666,31.111109999999996,17.555555,-5.3333335,23.0,-17.666666,31.111109999999996,0.43507022,-1.7711631999999997,0
12,196,129,0,0.0,0.0,0.83333325,0.43333334,0.6666667,0.17777774,6.3333335,7.888889,7.333333500000001,3.7777777,4.6666665,3.0,-7.666666499999999,8.222222,0.54012346,-0.9327825999999999,0
13,80,116,0,0.0,0.0,1.5,1.6333328,1.5555557,0.87407404,21.703703,21.222220999999998,27.555555,16.333334,-1.4444443999999999,17.555555,-16.11111,27.555555,0.40736422,-1.6322426,0
14,2,44,0,0.0,0.0,2.1666672,2.3888876,2.3888896,1.5296285,18.74074,17.333334,25.222220999999998,13.666667000000002,-4.222222299999999,19.444445,-15.222222,25.222220999999998,0.45768142,-1.7537255,0
15,120,136,0,0.0,0.0,0.61111116,0.41851869999999997,1.0000001,0.4444444,6.259258999999999,7.777777700000001,7.222222299999999,3.7777777,4.5555553,2.8888887999999997,-7.4444447,8.0,0.52954143,-0.92460656,0
16,146,124,0,0.0,0.0,0.4999999,0.16666664,0.38888875,0.107407376,6.037037000000001,7.4444447,7.333333500000001,3.3333333,4.222222299999999,3.8888887999999997,-8.111111,7.666666499999999,0.56349206,-1.0247301,0
17,23,85,0,0.0,0.0,1.4444445,1.0518524999999999,1.7777779999999999,0.96296287,17.962963000000002,18.88889,21.88889,13.111111,2.7777777,11.777778,-14.555554999999998,21.88889,0.39975148,-1.386867,0
18,138,116,0,0.0,0.0,0.6111111,0.15185188,0.44444449999999996,0.20740739,6.4814815999999995,7.5555553,8.222222,3.6666667,3.2222223,5.222222299999999,-8.444445,8.333333999999999,0.5591710999999999,-1.1910701000000001,0
19,229,124,0,0.0,0.0,0.8888889999999999,0.074073985,0.8888889000000001,0.3407407,5.888889,7.111111,7.111111,3.4444443999999996,3.6666667,3.6666667,-7.333333500000001,7.5555553,0.5458554,-1.0376626,0
20,22,116,0,0.0,0.0,0.38888875,0.10740741,0.33333325,0.13333334,5.6296295999999995,6.777777700000001,7.0,3.1111112000000003,3.4444443999999996,4.111111,-7.5555553,7.333333500000001,0.57539684,-1.0996237,0
21,121,60,0,0.0,0.0,2.277778,2.329629,2.888889,2.8740742000000004,26.740740000000002,24.666666,35.22222,20.333334,-6.222222299999999,25.444445,-19.222220999999998,35.22222,0.4223002,-1.776113,0
22,33,149,0,0.0,0.0,0.5555555999999999,0.25185165,0.72222227,0.15185171,5.4444447,4.111111,8.666667,3.5555556000000004,-4.0,9.666667,-5.6666665,8.666667,0.5783389,-1.9857028,0
23,80,95,0,0.0,0.0,1.2222223,1.0074079,0.9444440000000001,0.5518514,21.407408,21.333334,26.666665999999996,16.222223,-0.22222222,15.777778,-15.555554999999998,26.666665999999996,0.39043593,-1.5673273,0
24,96,84,0,0.0,0.0,1.5000003999999998,1.2777773000000001,1.6111107,2.2851882000000003,23.851851999999997,23.555555,30.0,18.0,-0.8888889000000001,18.444445,-17.555555,30.0,0.39879107,-1.598867,0
25,145,102,0,0.0,0.0,0.88888866,0.6074083,2.611111,1.4851857,23.074074,22.11111,29.777779,17.333334,-2.8888887999999997,20.11111,-17.222220999999998,29.777779,0.41776258,-1.6854403999999998,0
26,18,138,0,0.0,0.0,0.88888884,0.5629629,0.83333325,0.29999986,5.740741000000001,7.333333500000001,6.5555553,3.3333333,4.777777700000001,2.4444444,-7.222222299999999,7.333333500000001,0.5438712,-0.8621076999999999,0
27,138,133,0,0.0,0.0,0.6666667,0.44444433,1.1666666,0.21111093,6.4444447,7.777777700000001,7.888889,3.6666667,4.0,4.3333335,-8.333333,8.222222,0.5582011,-1.0776595,0
28,121,113,0,0.0,0.0,1.7222220000000001,1.5296303,2.944444,1.5296295,20.25926,20.0,25.444445,15.333332999999998,-0.7777778000000001,15.555554999999998,-14.777778,25.444445,0.39658895,-1.5856091,0
29,95,57,0,0.0,0.0,1.8333327000000001,3.4111105999999998,2.1111107000000002,1.7185175,26.296296999999996,24.666666,34.444447,19.777779000000002,-4.888889,24.444445,-19.555555,34.444447,0.42569095,-1.7390173999999998,0
30,140,25,0,0.0,0.0,0.99999875,1.4666697,1.1111107,0.118517555,128.0,117.77778,142.33334,123.88888500000002,-30.666665999999996,43.0,-12.333333,142.33334,0.17250364,-2.3545517999999994,5
31,142,33,0,0.0,0.0,0.49999872,0.62360865,0.50000125,0.3496027,110.59258999999999,96.77778,128.66666999999998,106.33333600000002,-41.444443,54.22221999999999,-12.777778,128.66666999999998,0.24777646,-2.4080186,5
32,66,41,0,0.0,0.0,0.61111194,0.32773077,0.38889185,0.32773316,109.703705,95.111115,128.88889,105.11111499999998,-43.77778,57.55555699999999,-13.777778,128.88889,0.26204562,-2.404745,5
33,165,99,0,0.0,0.0,0.88889056,0.47407392,0.7777786,0.47407353,93.40741,79.0,118.0,83.22222,-43.22222,73.77778,-30.555555,118.0,0.33041757,-2.2077565,5
34,228,20,0,0.0,0.0,1.0555546999999998,0.49065518,0.8333333,0.7527733,125.0,114.0,140.55556,120.44443999999999,-33.0,46.666668,-13.666667000000002,140.55556,0.18889166,-2.3480060000000003,5
35,124,29,0,0.0,0.0,1.0000013,0.7111076,1.0555534,0.90741664,128.44444,119.22222,142.88889,123.22222,-27.666665999999996,43.333332,-15.666667000000002,142.88889,0.16561614,-2.271128,5
36,156,32,0,0.0,0.0,0.77777356,0.16296418,2.6111095,1.0407379,136.2963,129.77778999999998,146.33334,132.77778999999998,-19.555555,30.111109999999996,-10.555555,146.33334,0.113055356,-2.280755,5
37,21,90,0,0.0,0.0,0.66666794,0.044444147,0.7777786,0.56296283,113.48148,105.88888500000002,128.55556,106.0,-22.777779000000002,45.22222,-22.444445,128.55556,0.17969723,-2.0978147999999996,5
38,8,39,0,0.11111111,0.0,1.3888906,1.129629,1.8333334,0.6999989999999999,113.37037,102.55556,132.0,105.55556000000001,-32.444443,55.88889,-23.444445,132.0,0.22295359,-2.1981577999999997,5
39,122,11,0,0.0,0.0,1.0,0.31111577,2.8888905,5.051851999999999,143.44444,136.88889,150.88889,142.55556,-19.666666,22.333334,-2.6666667,150.88889,0.09277301,-2.5216477000000004,5
40,44,79,0,0.0,0.0,0.44444403,0.34426486,0.7777786,0.4036864,107.74073999999999,93.888885,126.55556000000001,102.77778,-41.555557,56.44444300000001,-14.888889,126.55556000000001,0.2580791,-2.3779652000000002,5
41,7,18,0,0.0,0.0,1.2777786,0.7296265000000001,0.9444453000000002,0.37407914,138.62962,133.33334,147.55556,135.0,-15.888889,26.777779,-10.888889,147.55556,0.09635223400000001,-2.2146115,5
42,188,42,0,0.0,0.0,0.7777786,0.5443299,1.6666679,1.2649081,108.92593000000001,95.666664,126.22222,104.88888500000002,-39.77778,51.88889,-12.111111,126.22222,0.24193405,-2.4103877999999996,5
43,152,18,0,0.0,0.0,0.7777774000000001,0.4554219,0.55555725,0.27216440000000003,112.11111499999998,97.22222,130.44444,108.66666399999998,-44.666668,55.0,-10.333333,130.44444,0.25466839999999996,-2.45498,5
44,120,74,0,0.0,0.0,0.3333346,0.08888922,0.50000125,0.07777796,101.85185,89.111115,123.22222,93.22222,-38.22222,64.111115,-25.88889,123.22222,0.2767844,-2.2205532000000003,5
45,143,24,0,0.0,0.0,1.2777773000000001,0.9074056,0.88888806,1.1407489,127.62963,117.66666399999998,141.66666999999998,123.55556000000001,-29.888890000000004,42.11111,-12.222222,141.66666999999998,0.16939692,-2.349252,5
46,181,27,0,0.0,0.0,0.7222214,0.46296388,0.5,0.25555483,138.07408,132.55556,146.55556,135.11111,-16.555555,25.444445,-8.888889,146.55556,0.09626316,-2.2645319,5
47,107,21,0,0.0,0.0,0.66666156,0.51639783,1.1666666,0.40824829999999995,126.77778,115.77778,141.88889,122.66666399999998,-33.0,45.333332,-12.333333,141.88889,0.18402189,-2.3703717999999996,5
48,226,83,0,0.0,0.0,0.8888893,0.5185185999999999,1.0555521,0.50740635,90.62963,74.55556,116.88888500000002,80.44444,-48.22222,78.77778,-30.555555,116.88888500000002,0.36206177,-2.2390527999999996,5
49,93,29,0,0.0,0.0,1.2222239,1.2296363000000001,1.3888906,1.5740819,128.48148,119.0,142.77777,123.66666399999998,-28.444445,42.88889,-14.444445000000002,142.77777,0.16648434,-2.2977605,5
50,60,52,0,0.0,0.0,0.7222225999999999,0.5963010999999999,0.7777774000000001,0.7407436,111.62963,101.0,129.22223,104.666664,-31.888890000000004,52.77778000000001,-20.88889,129.22223,0.21837935,-2.2296848,5
51,179,101,0,0.0,0.0,0.44444785,0.38518709999999995,0.61110944,0.32963282,134.92592,126.44443999999999,147.22223,131.11111,-25.444445,36.88889,-11.444445,147.22223,0.14110672,-2.3287346,5
52,112,30,0,0.0,0.0,0.55555725,0.27216440000000003,1.2222226999999999,0.7200825,113.25926000000001,100.77778,130.11111,108.88888500000002,-37.444443,50.555557,-13.111111,130.11111,0.22538376,-2.3853076,5
53,103,64,0,0.0,0.0,0.6666667,0.6992054,1.3333308000000001,0.91893595,108.77778,96.333336,126.22222,103.77778,-37.333332,52.333332,-15.0,126.22222,0.23679679999999997,-2.3554425,5
54,174,50,0,0.0,0.0,1.0000013,0.7601153,0.9444453000000002,0.9525792,107.44443999999999,94.666664,125.77778,101.888885,-38.333332,55.0,-16.666666,125.77778,0.2473368,-2.3372955,5
55,80,40,0,0.0,0.0,0.6111107,0.5741323,0.7222225999999999,0.7722025,110.703705,96.22222,129.0,106.88888500000002,-43.444443,54.88889,-11.444445,129.0,0.2540513,-2.4346924,5
56,67,71,0,0.0,0.0,1.6666666,0.8888911,1.4999987,0.29999846,125.96296000000001,115.55556000000001,140.88889,121.44443999999999,-31.222221,44.77778,-13.555554999999998,140.88889,0.17967218,-2.3397580000000002,5
57,92,56,0,0.0,0.0,0.44444275,0.029629406,0.8333333,0.5666677,126.0,115.88888500000002,140.66666999999998,121.44443999999999,-30.333334000000004,44.0,-13.666667000000002,140.66666999999998,0.17606053,-2.3267827000000003,5
58,67,32,0,0.0,0.0,0.9444440000000001,1.0628421000000001,1.7777786,1.3109215,126.22222,115.11111499999998,142.22223,121.33333600000002,-33.333332,48.0,-14.666667000000002,142.22223,0.19062504,-2.333746,5
59,125,46,0,0.11111111,0.0,0.61110944,0.61161584,2.166668,0.7817352,124.55556000000001,112.77778,141.0,119.88888500000002,-35.333332,49.333332,-14.0,141.0,0.20012376,-2.357688,5
60,101,121,0,0.11111111,0.0,0.6666667,0.843274,1.5,0.88819396,3.4074074999999997,1.1111111999999999,6.0,3.1111112000000003,-6.888889,7.777777700000001,-0.8888889000000001,6.0,0.8435185,-2.5191647999999995,2
61,21,122,0,0.0,0.0,0.44444445,0.4036867,0.44444445,0.4036867,0.5555555999999999,0.0,1.2222222,0.44444445,-1.6666666,2.0,-0.33333334,1.2222222,0.5555555999999999,-2.4445627,2
62,45,89,0,0.0,0.0,0.7777776999999999,0.3407409,0.77777773,0.47407398,2.2962964,0.11111111,6.4444447,0.33333334,-6.5555553,12.444445,-5.888889,6.4444447,0.9861110999999999,-2.1239047,2
63,18,87,0,0.0,0.0,1.5555555,1.9626131999999998,1.8888886999999999,1.7469552,2.925926,1.2222222,5.6666665,1.8888888,-5.111111,8.222222,-3.1111112000000003,5.6666665,0.86277056,-2.2294934,2
64,52,102,0,0.0,0.0,0.72222227,0.50740725,0.8333333,0.5666668,2.8888887999999997,0.6666667,6.3333335,1.6666666,-6.666666499999999,10.333333,-3.6666667,6.3333335,0.89973545,-2.2617195,2
65,54,91,0,0.0,0.0,1.4444443,1.540741,0.8333333,0.25555572,3.2592592000000002,0.5555555999999999,8.0,1.2222222,-8.111111,14.222222,-6.111111,8.0,0.94481075,-2.1867229999999998,2
66,80,87,0,0.0,0.11111111,24.388891,572.9964,44.722225,1386.3292,67.44444,58.77778000000001,79.0,64.55556,-26.0,34.666668,-8.666667,79.0,0.30628127,-2.4221272000000003,2
67,140,124,0,0.0,0.0,1.0,0.44444454,1.1111111999999999,1.0518516000000002,2.5185183999999996,0.22222222,6.111111,1.2222222,-6.888889,10.777778,-3.8888887999999997,6.111111,0.97376543,-2.267462,2
68,69,139,0,0.0,0.0,2.8333328,1.7732588,2.1111112000000003,1.6688870999999998,18.074074,16.0,22.555555,15.666667000000002,-6.222222299999999,13.444445000000002,-7.222222299999999,23.88889,0.38661182,-1.7028333999999998,2
69,9,80,0,0.0,0.0,2.9444444,13.751853,16.666666,71.5111,23.62963,17.333334,31.666665999999996,21.88889,-18.88889,24.11111,-5.222222299999999,31.666665999999996,0.5142537,-2.4315135,2
70,6,81,0,0.0,0.11111111,4.111111,8.740745,5.7222230000000005,28.507409999999997,12.481482000000002,7.666666499999999,18.88889,10.888889,-14.444445000000002,19.222220999999998,-4.777777700000001,18.88889,0.6281558,-2.388561,2
71,74,129,0,0.0,0.0,0.22222222,0.029629637,0.11111111,0.029629635,0.5185185,0.0,1.5555556000000001,0.0,-1.5555556000000001,3.1111112000000003,-1.5555556000000001,1.5555556000000001,1.0,-2.0943952,2
72,41,75,0,0.0,0.11111111,15.388889,19.136257,26.611113,31.713590000000003,55.0,47.444443,65.44444,52.11111,-22.666666,31.333334000000004,-8.666667,65.44444,0.29780185,-2.3567543,2
73,36,145,0,0.0,0.0,0.27777779999999996,0.19629629,1.2777778,2.0629628,0.8518519,0.33333334,1.4444443999999999,0.7777778000000001,-1.5555556000000001,1.7777778000000002,-0.22222222,1.4444443999999999,0.25185186,-2.5309502999999998,2
74,94,144,0,0.0,0.0,0.44444442,0.118518494,0.49999997,0.1666667,1.1481482,0.0,3.4444443999999996,0.0,-3.4444443999999996,6.888889,-3.4444443999999996,3.4444443999999996,1.0,-2.0943952,2
75,18,90,0,0.0,0.0,1.0555555,0.37407416,0.6666667,0.22222227,2.8148147999999997,0.5555555999999999,6.888889,1.0,-6.777777700000001,12.222222,-5.4444447,6.888889,0.9261464,-2.1643226,2
76,68,103,0,0.0,0.0,0.66666675,0.57777774,1.111111,0.96296334,2.148148,0.11111111,5.6666665,0.6666667,-6.111111,10.555555,-4.4444447,5.6666665,0.9876543,-2.1854658,2
77,45,108,0,0.0,0.11111111,25.5,12.795401,27.277779,15.930981,49.814816,41.77778,61.11111,46.555557,-24.11111,33.88889,-9.777778,61.11111,0.35897508,-2.3604912999999996,2
78,59,99,0,0.0,0.0,0.77777785,0.8296296999999999,0.99999994,0.35555559999999997,2.0370371,0.11111111,5.5555553,0.44444445,-5.777777700000001,10.555555,-4.777777700000001,5.5555553,0.9861110999999999,-2.149743,2
79,67,136,0,0.0,0.0,6.722223,3.7083487999999996,2.6666667,3.1972213,15.518517999999998,9.0,25.333334,12.222222,-19.555555,29.444445,-9.888889,25.333334,0.66081303,-2.3075109,2
80,226,110,0,0.0,0.0,0.33333334,0.08888887,0.49999997,0.2111111,1.6666666,0.11111111,4.4444447,0.44444445,-4.6666665,8.333333,-3.6666667,4.4444447,0.9777778,-2.1559837,2
81,231,124,0,0.0,0.0,3.4444447,14.962964999999999,1.8333334,6.4333352999999995,3.0,1.4444443999999999,5.888889,1.6666666,-4.6666665,8.666667,-4.0,5.888889,0.8953690000000001,-2.118937,2
82,103,125,0,0.0,0.0,0.9444445,0.82775915,0.83333343,0.6912146,1.7777778000000002,0.44444445,3.8888887999999997,1.0,-4.0,6.3333335,-2.3333333,3.8888887999999997,0.9238095,-2.2375617,2
83,1,81,0,0.0,0.0,12.166667,267.45554,9.222222,205.36296000000002,21.333334,14.0,30.555555,19.444445,-22.0,27.666665999999996,-5.6666665,30.555555,0.5952821999999999,-2.438409,2
84,230,124,0,0.0,0.0,0.27777779999999996,0.10740743,0.27777779999999996,0.15185183,0.6666667,0.0,2.0,0.0,-2.0,4.0,-2.0,2.0,1.0,-2.0943952,2
85,58,109,0,0.0,0.0,0.8888889000000001,0.25185165,2.8333333,1.677777,4.296296,1.4444443999999999,8.444445,3.0,-8.555555,12.444445,-3.8888887999999997,8.444445,0.8644824000000001,-2.2837872999999997,2
86,59,120,0,0.0,0.0,2.1666667,1.9860634,1.4444441000000001,1.8698384999999997,19.074074,10.555555,33.11111,13.555554999999998,-25.555555,42.11111,-16.555555,33.11111,0.6812664,-2.2312608,2
87,140,125,0,0.0,0.0,0.66666657,0.22222227,2.6666667,3.7777781000000004,3.925926,1.5555556000000001,7.777777700000001,2.4444444,-7.111111,11.555555,-4.4444447,7.777777700000001,0.85319865,-2.2342408,2
88,127,143,0,0.0,0.0,1.5,0.12222214,0.88888884,0.60740745,4.185185,0.8888889000000001,9.444445,2.2222223,-9.888889,15.777778,-5.888889,9.444445,0.915376,-2.2574123999999998,2
89,23,129,0,0.0,0.0,0.5,0.077777795,0.38888887,0.15185186,0.5185185,0.0,1.5555556000000001,0.0,-1.5555556000000001,3.1111112000000003,-1.5555556000000001,1.5555556000000001,0.7777778000000001,-2.0943952,2
90,191,119,0,0.0,0.0,1.1111107,1.2938615,0.9444459000000001,0.772202,39.851852,36.22222,48.22222,35.11111,-10.888889,25.11111,-14.222222,48.22222,0.27171725,-2.0059998,1
91,219,80,0,0.0,0.0,1.2777767,0.3296295,0.6666667,0.9333318000000002,39.703705,36.333335999999996,48.22222,34.555557,-10.111111,25.555555,-15.444445000000002,48.22222,0.28296396,-1.9626464,1
92,136,45,0,0.0,0.0,1.222222,1.5444058999999999,2.0555553,1.5263131,53.074073999999996,48.11111,63.77778000000001,47.333332,-14.888889,32.11111,-17.222220999999998,63.77778000000001,0.25936732,-2.0459049,1
93,66,160,0,0.0,0.0,3.0000007,4.044447,2.777778,0.4296295,22.851851999999997,18.222220999999998,31.555555,18.777779000000002,-13.888889,26.11111,-12.222222,31.555555,0.4260139,-2.1387258,1
94,190,105,0,0.0,0.0,1.8888893,2.2962982999999997,2.166666,1.6777796999999999,45.74074,41.22222,56.33333199999999,39.666668,-13.555554999999998,31.777779,-18.222220999999998,56.33333199999999,0.29599184,-1.9960818,1
95,37,78,0,0.0,0.0,1.0000006,0.17777735,2.5555565,2.8740728,43.814816,41.11111,51.88889,38.444443,-8.111111,24.222220999999998,-16.11111,51.88889,0.25891644,-1.8860723000000001,1
96,198,127,0,0.0,0.0,2.4444444,4.385187,8.555555,59.54075,40.74074,38.0,48.22222,36.0,-8.222222,22.444445,-14.222222,48.22222,0.24899939,-1.9083477999999998,1
97,191,101,0,0.0,0.0,1.111112,0.7793635,1.1111113000000001,1.186342,45.037037,39.0,57.11111,39.0,-18.11111,36.22222,-18.11111,57.11111,0.32273299,-2.0943026999999996,1
98,243,120,0,0.0,0.0,4.4444447,4.359749,1.5555546999999998,1.8338386999999998,47.851852,44.77778,56.33333199999999,42.444443,-9.222222,25.444445,-16.222220999999998,56.33333199999999,0.24532129999999996,-1.9107348999999998,1
99,230,117,0,0.0,0.0,3.2777786,0.92895794,1.4444433,0.86066324,39.037037,33.555557,49.77778,33.77778,-16.444445,32.22222,-15.777778,49.77778,0.33502588,-2.1062347999999997,1
100,151,89,0,0.0,0.0,8.388889,4.577317,0.72222203,0.38968238,31.703703000000004,27.333334000000004,41.0,26.777779,-13.111111,27.888890000000004,-14.777778,41.0,0.35127252,-2.0465415,1
101,176,100,0,0.0,0.0,1.9444441000000003,0.7740748000000001,1.4444447,0.6518514,55.370369999999994,50.333332,66.88889,48.88889,-15.111111,34.555557,-19.444445,66.88889,0.26862052,-2.00619,1
102,118,126,0,0.0,0.0,0.6666667,0.39999974,1.8333336,2.1222223999999996,20.555555,16.11111,28.666665999999996,16.88889,-13.333332999999998,24.333334,-11.0,28.666665999999996,0.43707799999999997,-2.1588047,1
103,42,57,0,0.0,0.0,1.3888906,0.97562754,0.99999875,0.36514837,65.703705,59.44444300000001,79.44444,58.22221999999999,-18.777779000000002,41.22222,-22.444445,79.44444,0.26677614,-2.0307028000000003,1
104,217,148,0,0.0,0.0,2.0555556,2.551854,1.0555553,0.5074078,29.074074,21.444445,41.555557,24.222220999999998,-22.88889,37.444443,-14.555554999999998,41.555557,0.48377079999999995,-2.2379715,1
105,14,146,0,0.11111111,0.0,0.8888889999999999,0.47407380000000005,1.1111111999999999,0.7407406999999999,10.592592,8.0,15.666667000000002,8.111112,-7.777777700000001,15.222222,-7.4444447,15.666667000000002,0.48786426,-2.1089108,1
106,22,87,0,0.0,0.0,1.8888898999999997,1.2590423000000002,1.1666666,0.62361073,64.03704,55.77778000000001,80.333336,56.0,-24.777779000000002,48.88889,-24.11111,80.333336,0.30969977,-2.105073,1
107,130,32,0,0.0,0.0,1.1111113000000001,1.0470409999999999,0.83333397,0.83665866,59.481480000000005,54.22221999999999,70.88889,53.33333199999999,-15.777778,34.22222,-18.444445,70.88889,0.24900064,-2.042422,1
108,162,159,0,0.0,0.0,2.1666667,0.9603238000000002,2.2222223,1.4555128000000002,26.11111,25.222220999999998,29.555555,23.555555,-2.6666667,10.333333,-7.666666499999999,29.555555,0.20284556,-1.8025542,1
109,150,158,0,0.0,0.0,2.166667,1.6333338,1.388889,0.41851807,8.444445,7.0,12.222222,6.111111,-4.3333335,11.333333,-7.0,12.222222,0.50308645,-1.9434487,1
110,163,68,0,0.0,0.0,1.833334,2.2111099999999997,1.5555558999999999,0.96296287,56.77778000000001,52.0,68.22222,50.11111,-14.333332999999998,34.333332,-20.0,68.22222,0.26505277,-1.9843078,1
111,187,80,0,0.0,0.0,1.3333327,0.7111114000000001,1.3333334,0.7111086,40.51852,37.77778,47.666668,36.11111,-8.222222,21.444445,-13.222222,47.666668,0.24472968,-1.942698,1
112,140,73,0,0.0,0.0,1.7222214,0.8277598,0.7777774000000001,1.0036957,46.296295,45.666668,51.11111,42.11111,-1.8888888,14.444445000000002,-12.555555,51.11111,0.1761556,-1.6815889,1
113,236,117,0,0.0,0.0,0.7777786,0.40368706,1.277778,0.74286777,45.88889,39.555557,58.44444300000001,39.666668,-19.0,37.666668,-18.666666,58.44444300000001,0.33047688,-2.0994802000000004,1
114,112,90,0,0.0,0.0,7.388889999999999,6.9455557,1.2777773000000001,0.87981415,65.18519,57.66666800000001,79.77778,58.11111,-22.555555,43.77778,-21.222220999999998,79.77778,0.27834544,-2.108813,1
115,197,121,0,0.0,0.0,21.666666,17.3628,0.94444436,0.9047208000000001,41.037037,37.444443,49.444443,36.22222,-10.777778,25.222220999999998,-14.444445000000002,49.444443,0.28057775,-1.9955361,1
116,141,17,0,0.11111111,0.22222222,3.7222226000000003,4.4493027000000005,5.0,2.319004,44.592594,40.333335999999996,54.0,39.444443,-12.777778,28.222221,-15.444445000000002,54.0,0.26818594,-2.030048,1
117,79,28,0,0.0,0.0,4.2777769999999995,3.7618961000000004,0.8333333,0.6582806,62.40740600000001,53.44444300000001,79.111115,54.66666800000001,-26.888890000000004,50.11111,-23.222220999999998,79.111115,0.32455578,-2.1445074,1
118,169,102,0,0.0,0.0,1.0,0.35555485,0.8888893,0.2962955,58.22221999999999,53.44444300000001,69.66667,51.555557,-14.333332999999998,34.333332,-20.0,69.66667,0.25975996,-1.9855843,1
119,208,65,0,0.0,0.0,1.3888874,1.2367799,26.444445,25.537477,56.70370500000001,52.66666800000001,64.44444,53.0,-12.111111,23.222220999999998,-11.111111,64.44444,0.19713038,-1.9708116000000002,1
120,189,144,0,0.0,0.0,0.0,0.0,0.0,0.0,0.0,0.0,0.0,0.0,0.0,0.0,0.0,0.0,0.0,0.0,6
121,189,141,0,0.0,0.0,0.0,0.0,0.0,0.0,0.0,0.0,0.0,0.0,0.0,0.0,0.0,0.0,0.0,0.0,6
122,210,153,0,0.0,0.0,0.0,0.0,0.0,0.0,0.0,0.0,0.0,0.0,0.0,0.0,0.0,0.0,0.0,0.0,6
123,57,89,0,0.0,0.0,1.7222221999999998,1.3066783000000002,6.1666665,4.703426400000001,17.0,13.0,24.555555,13.444445000000002,-12.0,22.666666,-10.666667,24.555555,0.47748852,-2.1297464,6
124,243,94,0,0.0,0.0,0.6666666,0.31111112,0.22222221,0.029629631,1.1851851999999998,0.22222222,3.2222223,0.11111111,-2.8888887999999997,6.111111,-3.2222223,3.2222223,0.9777778,-2.0712416,6
125,229,104,0,0.0,0.0,0.49999985,0.54772234,2.8333333,2.0412421000000003,19.777779000000002,16.333334,26.11111,16.88889,-10.333333,19.0,-8.666667,26.11111,0.37553233,-2.1506376,6
126,226,131,0,0.0,0.0,0.0,0.0,0.0,0.0,0.0,0.0,0.0,0.0,0.0,0.0,0.0,0.0,0.0,0.0,6
127,196,95,0,0.0,0.0,1.7222220000000001,1.1238165,1.3333335,1.2649110000000001,7.6296296,6.777777700000001,10.777778,5.3333335,-2.5555556,9.444445,-6.888889,10.777778,0.51256585,-1.7492584,6
128,43,152,0,0.0,0.0,1.9444445,1.7074082,1.2222222,0.8296299000000001,1.5185186000000002,1.0,2.8888887999999997,0.6666667,-1.5555556000000001,4.111111,-2.5555556,2.8888887999999997,0.64867723,-1.9332388999999999,6
129,54,133,0,0.0,0.0,1.5555557,1.0074074,0.50000006,0.3444443,5.3703704000000005,3.6666667,9.0,3.4444443999999996,-5.111111,10.888889,-5.777777700000001,9.0,0.6304714,-2.0480003,6
130,157,85,0,0.0,0.0,1.2222223,1.2412657,0.22222233,0.17213264,18.925926,14.555554999999998,26.888890000000004,15.333332999999998,-13.111111,23.88889,-10.777778,26.888890000000004,0.45902446,-2.1609125,6
131,96,94,0,0.0,0.0,0.7222225999999999,0.28518537,0.44444466,0.42963016,20.222220999999998,16.0,28.777779,15.888889,-12.666667,25.666666,-13.0,28.777779,0.45154575,-2.084893,6
132,152,155,0,0.0,0.0,0.5,0.61111104,10.777778,131.80739,7.296296000000001,5.3333335,11.0,5.5555553,-5.888889,11.111111,-5.222222299999999,11.0,0.5,-2.115567,6
133,208,34,0,0.0,0.0,1.7222224,1.7309811000000002,0.44444449999999996,0.50184834,14.444445000000002,10.777778,21.0,11.555555,-11.0,19.666666,-8.666667,21.0,0.479958,-2.1623826,6
134,222,62,0,0.0,0.0,0.27777782,0.25092420000000004,0.6666667,0.55777335,6.4074073,4.111111,11.444445,3.6666667,-6.888889,15.111111,-8.222222,11.444445,0.68080807,-2.0341523,6
135,123,152,0,0.0,0.0,0.0,0.0,0.0,0.0,0.0,0.0,0.0,0.0,0.0,0.0,0.0,0.0,0.0,0.0,6
136,20,134,0,0.0,0.0,0.6666667,0.088888995,0.61111116,0.24074072,2.9629629,1.1111111999999999,6.4444447,1.3333334,-5.5555553,10.444445,-4.888889,6.4444447,0.8292328000000001,-2.133095,6
137,223,62,0,0.0,0.0,0.3333334,0.29814243,0.44444442,0.50184846,6.4444447,4.111111,11.444445,3.7777777,-7.0,15.0,-8.0,11.444445,0.6703704,-2.0487173,6
138,184,145,0,0.0,0.0,0.72222227,0.6116159000000001,0.22222222,0.2721655,0.5555555999999999,0.33333334,1.2222222,0.11111111,-0.6666667,2.0,-1.3333334,1.2222222,0.5277778000000001,-1.9209436000000002,6
139,225,58,0,0.0,0.0,0.3333335,0.42163706,0.44444449999999996,0.34426522,8.333333,5.5555553,14.111111,5.3333335,-8.333333,17.333334,-9.0,14.111111,0.62222224,-2.0685637,6
140,58,113,0,0.0,0.0,3.4444447,1.2232318000000002,0.7222223000000001,0.38968182,20.851851999999997,16.88889,28.444445,17.222223,-11.888889,22.777779000000002,-10.888889,28.444445,0.4148072,-2.1256926,6
141,160,41,0,0.0,0.0,0.8333333,0.8096638,0.22222225,0.17213258,0.7037036999999999,0.5555555999999999,1.2222222,0.33333334,-0.44444445,1.5555556000000001,-1.1111111999999999,1.2222222,0.537037,-1.8451205000000002,6
142,160,110,0,0.0,0.0,0.833333,0.6912145000000001,0.4444437,0.27216540000000006,31.62963,27.222221,39.333335999999996,28.333334000000004,-13.222222,23.11111,-9.888889,39.333335999999996,0.3074441,-2.1872416,6
143,186,12,0,0.0,0.0,0.44444433,0.27216548,2.3333333,1.9663839,6.259258999999999,3.8888887999999997,11.333333,3.5555556000000004,-7.111111,15.222222,-8.111111,11.333333,0.6873016,-2.057978,6
144,142,111,0,0.0,0.0,1.1111113000000001,0.45541987,0.55555534,0.34426492,28.740740000000002,24.555555,35.88889,25.777779000000002,-12.555555,21.444445,-8.888889,35.88889,0.31548372,-2.2026672,6
145,252,137,0,0.0,0.0,0.88888884,0.544331,0.6111111,0.71232533,0.7407406999999999,0.33333334,1.7777778000000002,0.11111111,-1.2222222,3.1111112000000003,-1.8888888,1.7777778000000002,0.75,-2.0076063000000004,6
146,206,61,0,0.0,0.0,0.5555555,0.40368673,0.4999999,0.45946813,7.0740743,4.6666669999999995,12.222222,4.3333335,-7.222222299999999,15.444445000000002,-8.222222,12.222222,0.64589113,-2.0487173,6
147,239,93,0,0.0,0.0,3.4444440000000003,13.496301,1.0555555,0.86296237,14.407407999999998,9.888889,22.88889,10.444445,-13.555554999999998,25.444445,-11.888889,22.88889,0.57700235,-2.1374934,6
148,207,115,0,0.0,0.0,1.0555555,0.3296295,0.16666669,0.033333343,1.2222222,0.44444445,2.8888887999999997,0.33333334,-2.3333333,5.0,-2.6666667,2.8888887999999997,0.93333334,-2.0655363,6
149,90,134,0,0.0,0.0,0.38888887,0.018518528,0.94444436,0.1518523,2.1111112000000003,1.0,4.6666669999999995,0.6666667,-3.3333333,7.666666499999999,-4.3333335,4.6666669999999995,0.88148147,-2.0131435,6
150,86,197,0,0.11111111,0.11111111,1.611112,1.4516907,1.2777786,1.1038647,63.22221999999999,56.22221999999999,77.77778,55.66666800000001,-21.0,43.666668,-22.666666,77.77778,0.28533262,-2.06802,4
151,4,189,0,0.0,0.0,2.0555565,3.8851852,11.722221000000001,114.59633999999998,26.444445,23.444445,33.0,22.88889,-9.0,19.666666,-10.666667,33.0,0.27147257,-2.1010017000000003,4
152,134,187,0,0.0,0.0,1.8888886999999999,1.5153537000000001,2.1111114,1.7847083,59.370369999999994,52.66666800000001,74.111115,51.333332,-20.11111,44.22222,-24.11111,74.111115,0.30745777,-2.03348,4
153,252,201,0,0.0,0.0,4.6111107,5.495115,5.5555553,5.795274,40.296295,35.77778,49.0,36.11111,-13.555554999999998,26.11111,-12.555555,49.0,0.2753682,-2.1758256,4
154,219,176,0,0.0,0.11111111,2.1111119,1.8579169999999998,5.111111,2.8414931,60.29629499999999,53.33333199999999,75.66667,51.88889,-20.88889,46.11111,-25.222220999999998,75.66667,0.31446242,-2.0306482,4
155,205,190,0,0.0,0.0,1.2777773000000001,0.9981452,1.6111107,1.1238158,49.48148,44.77778,60.66666800000001,43.0,-14.111111,33.555557,-19.444445,60.66666800000001,0.29078844,-1.9875988999999998,4
156,202,193,0,0.0,0.0,1.111112,0.7503075,3.3888881,2.489236,41.703705,37.88889,50.666668,36.555557,-11.444445,26.888890000000004,-15.444445000000002,50.666668,0.27838665,-1.9929974999999998,4
157,223,161,0,0.0,0.0,1.3888893,3.040736,8.999999,31.022234,42.037037,36.0,52.22222,37.88889,-18.11111,30.555555,-12.444445,52.22222,0.30841646,-2.282295,4
158,87,196,0,0.11111111,0.0,1.3333321000000002,0.8692278,2.222222,1.6688869,61.59259399999999,55.0,75.66667,54.11111,-19.777779000000002,42.22222,-22.444445,75.66667,0.28752622,-2.0487363000000003,4
159,105,193,0,0.0,0.0,3.222222,1.9051596999999998,2.8888892999999998,2.1773255000000002,60.11111,53.11111,75.111115,52.11111,-21.0,45.0,-24.0,75.111115,0.30846536,-2.047766,4
160,77,185,0,0.0,0.0,2.944445,7.6629586,6.2222214000000005,32.118522999999996,32.555557,29.222221,39.666668,28.777779,-10.0,21.333334,-11.333333,39.666668,0.27036038,-2.0852716,4
161,88,180,0,0.0,0.0,1.4999993999999999,0.93689823,3.833332,2.888675,50.407406,45.22222,62.33333199999999,43.666668,-15.555554999999998,35.77778,-20.222220999999998,62.33333199999999,0.3009182,-2.0087192,4
162,214,161,0,0.0,0.0,3.7222223,0.72963357,11.5,18.922234,40.444443,35.333335999999996,49.666668,36.333335999999996,-15.333332999999998,27.666665999999996,-12.333333,49.666668,0.29805613,-2.1989389999999998,4
163,198,183,0,0.0,0.0,1.0555546999999998,1.1816497,3.3888881,1.5974506000000002,54.037037,48.88889,66.55556,46.666668,-15.444445000000002,37.555557,-22.11111,66.55556,0.2986217,-1.9749589,4
164,189,187,0,0.0,0.0,1.2222226999999999,1.0036974,3.0555553,2.3890192999999997,48.51852,44.11111,59.88889,41.555557,-13.222222,34.11111,-20.88889,59.88889,0.30575457,-1.9474715,4
165,124,191,0,0.0,0.0,3.5000007000000006,2.7386136000000003,3.277778,2.8001327999999996,59.74074,52.88889,74.77778,51.555557,-20.555555,45.11111,-24.555555,74.77778,0.31361094,-2.0354799999999997,4
166,182,186,0,0.11111111,0.0,3.666666,2.0439608,1.7777767,1.2412661,48.444443,43.77778,59.88889,41.666668,-14.0,34.333332,-20.333334,59.88889,0.30452195,-1.9730555,4
167,151,163,0,0.0,0.0,2.0555556,2.2851863,18.166666,41.988934,40.0,34.555557,48.0,37.444443,-16.333334,24.0,-7.666666499999999,48.11111,0.26384650000000004,-2.5174901000000003,4
168,112,197,0,0.0,0.0,4.2222233000000005,2.9938211,4.9444447,3.1227946,50.333332,44.666668,62.22221999999999,44.11111,-17.0,35.666668,-18.666666,62.22221999999999,0.29632849,-2.0712208999999997,4
169,137,182,0,0.0,0.0,1.8333334,3.8555553,3.6111107000000002,9.218522,34.925926000000004,31.444445,42.88889,30.444445,-10.444445,23.88889,-13.444445000000002,42.88889,0.28575617,-2.0011246,4
170,4,201,0,0.0,0.22222222,2.722222,1.6788458,5.2222214000000005,3.1245742,53.70370500000001,47.11111,67.22222,46.77778,-19.777779000000002,40.555557,-20.777779000000002,67.22222,0.30885938,-2.0752265,4
171,235,196,0,0.0,0.0,1.6666666,1.333334,2.222222,1.1482682,47.25926,41.77778,58.55555699999999,41.444443,-16.444445,33.88889,-17.444445,58.55555699999999,0.29423782,-2.0746154999999997,4
172,167,189,0,0.0,0.0,3.7777773999999997,2.2377224,3.7777773999999997,1.544405,58.40740600000001,51.333332,72.44444,51.444443,-21.222220999999998,42.11111,-20.88889,72.44444,0.29552308,-2.1013257999999997,4
173,250,176,0,0.0,0.11111111,1.611112,1.0628399,3.4444440000000003,1.6953092,53.66666800000001,47.11111,67.66667,46.22222,-19.666666,42.0,-22.333334,67.66667,0.3181372,-2.0522583,4
174,244,194,0,0.0,0.0,1.7222220000000001,1.14342,2.277778,2.03761,49.74074,44.444443,61.66666800000001,43.11111,-15.888889,35.77778,-19.88889,61.66666800000001,0.30085307,-2.0218375,4
175,178,185,0,0.0,0.0,2.6111119,1.8063676,3.1111114,2.2771008,49.037037,44.0,60.66666800000001,42.444443,-15.111111,34.88889,-19.777779000000002,60.66666800000001,0.30003616,-2.006186,4
176,229,195,0,0.0,0.0,4.166666,2.2779152000000003,4.111111,2.2476342000000002,47.703705,42.444443,58.88889,41.77778,-15.777778,33.555557,-17.777779000000002,58.88889,0.29027814,-2.0527046,4
177,5,210,0,0.0,0.11111111,2.1666672,1.6699982,4.444444,2.613356,51.296295,45.444443,64.333336,44.11111,-17.555555,39.11111,-21.555555,64.333336,0.3175664,-2.0208955,4
178,118,180,0,0.0,0.0,1.9444447,1.4819913,3.1111114,1.0886628999999999,48.555557,44.11111,59.0,42.555557,-13.333332999999998,31.333334000000004,-18.0,59.0,0.27882218,-1.9960422999999998,4
179,86,193,0,0.0,0.0,3.2777792999999997,1.6521593,2.222222,1.8094397,61.40740600000001,53.66666800000001,76.55556,54.0,-23.222220999999998,45.444443,-22.222220999999998,76.55556,0.29957896,-2.1093748,4
180,204,156,0,0.0,0.0,0.5000003,0.27888626,1.9999996,0.55777323,23.703703,17.333334,25.444445,28.333334000000004,-19.11111,5.222222299999999,13.888889,28.333334000000004,0.38903406,2.8649306,3
181,71,180,0,0.11111111,0.0,1.222222,0.5629625,3.0,1.8666646,22.333334,18.333334,21.444445,27.222221,-12.0,-2.6666667,14.666667000000002,27.222221,0.32738259999999997,2.4538307,3
182,60,181,0,0.11111111,0.0,1.6666666,1.2000005,2.6666667,2.0888875,19.62963,17.11111,17.88889,23.88889,-7.5555553,-5.222222299999999,12.777778,23.88889,0.28569087,2.1891353,3
183,103,216,0,0.0,0.0,0.88888884,0.6518517,2.1666662999999997,1.1444442,14.555554999999998,10.888889,13.666667000000002,19.11111,-11.0,-2.6666667,13.666667000000002,19.11111,0.43169576,2.4475467,3
184,89,221,0,0.0,0.0,1.3888888000000001,1.4851848,1.4444445,1.5851861999999999,14.074074,10.666667,12.444445,19.11111,-10.222222,-4.888889,15.111111,19.11111,0.44601154,2.3172118999999998,3
185,8,199,0,0.0,0.0,1.6666671000000002,0.78881073,1.3888893,0.71232533,15.0,13.333332999999998,11.777778,19.88889,-5.0,-9.666667,14.666667000000002,19.88889,0.40888458,1.9053026000000002,3
186,200,250,0,0.0,0.0,2.2777777,1.4207459999999998,1.4444445,1.0255988,9.222222,6.5555553,7.333333500000001,13.777778,-8.0,-5.6666665,13.666667000000002,13.777778,0.5633903,2.1929355,3
187,163,166,0,0.0,0.0,1.7777776,1.0962971000000001,2.444445,1.0518519,16.962963000000002,12.333333,16.333334,22.222220999999998,-13.888889,-1.8888888,15.777778,22.222220999999998,0.4462137,2.5158255,3
188,186,173,0,0.0,0.0,1.4444445,0.82963055,2.1111114,1.9851853,17.148148000000003,13.555554999999998,15.555554999999998,22.333334,-10.777778,-4.777777700000001,15.555554999999998,22.333334,0.39643326,2.332739,3
189,2,245,0,0.0,0.0,1.8888888,2.162963,3.1666667,3.2777781000000004,6.4074073,6.222222299999999,6.0,7.0,-0.5555555999999999,-1.2222222,1.7777778000000002,7.222222299999999,0.19104938,1.7566451,3
190,62,223,0,0.0,0.0,2.5,5.7222230000000005,1.6666666,2.4444442000000004,6.666666499999999,4.888889,4.6666669999999995,10.444445,-5.3333335,-6.0,11.333333,10.444445,0.5931498000000001,2.0465877,3
191,242,183,0,0.0,0.0,1.4999999,0.9368979,2.1666667,1.7981470000000002,15.370370000000001,12.666667,12.444445,21.0,-8.111111,-8.777778,16.88889,21.0,0.42024404,2.0758736,3
192,200,215,0,0.0,0.0,1.5555558999999999,0.95839405,4.722222,2.6450515,23.037036999999998,17.11111,22.555555,29.444445,-17.777779000000002,-1.4444443999999999,19.222220999999998,29.444445,0.42076695,2.5610487,3
193,57,177,0,0.0,0.0,0.94444495,0.55185163,1.4444443,1.71852,19.592592,15.777778,18.444445,24.555555,-11.444445,-3.4444443999999996,14.888889,24.555555,0.35899040000000004,2.413262,3
194,63,220,0,0.0,0.0,3.055556,15.262959500000001,3.6666667,6.088889599999999,8.185185,6.5555553,6.4444447,11.555555,-4.888889,-5.222222299999999,10.111111,11.555555,0.48671728,2.0931497,3
195,117,224,0,0.0,0.0,3.0555556,2.5596585,3.0555556,3.0215273,20.25926,15.444445000000002,17.777779000000002,27.555555,-14.444445000000002,-7.4444447,21.88889,27.555555,0.44151622,2.3041532000000005,3
196,233,211,0,0.11111111,0.0,2.6666667,6.088889599999999,1.6666666,1.7333333,15.444445000000002,12.444445,15.222222,18.666667999999998,-9.0,-0.6666667,9.666667,18.666667999999998,0.33542147,2.5549645,3
197,232,175,0,0.0,0.0,1.1666669,0.62360954,2.8333333,2.1679492000000002,15.370370000000001,12.444445,13.555554999999998,20.11111,-8.777778,-5.4444447,14.222222,20.11111,0.38741234,2.2421957999999997,3
198,29,195,0,0.0,0.0,0.44444433,0.40368652,0.61111087,0.6804136,16.037036999999998,14.444445000000002,13.333332999999998,20.333334,-4.777777700000001,-8.111111,12.888889,20.333334,0.34230694,1.9430398999999998,3
199,63,201,0,0.0,0.0,1.4444445,0.9185186,0.94444424,0.5518518,7.777777700000001,6.222222299999999,5.5555553,11.555555,-4.6666665,-6.666666499999999,11.333333,11.555555,0.54320127,1.9829868000000002,3
200,93,236,0,0.11111111,0.0,1.7777777,2.6962965,1.9999999,0.93333334,12.518517999999998,9.555555,10.777778,17.222223,-8.888889,-5.222222299999999,14.111111,17.222223,0.44724658,2.2671973999999997,3
201,72,191,0,0.11111111,0.0,1.2777777,0.5074075,3.1111114,4.6074066,15.185185,12.111111,14.888889,18.555555,-9.222222,-0.8888889000000001,10.111111,18.555555,0.3503698,2.545329,3
202,52,170,0,0.0,0.0,0.55555564,0.4554201,0.94444436,0.38968262,25.444445,20.11111,25.333334,30.888890000000004,-16.0,-0.33333334,16.333334,30.888890000000004,0.34911168,2.6040132000000002,3
203,233,184,0,0.0,0.0,0.5000002,0.077777766,0.7777776999999999,0.785185,11.851851,9.777778,9.888889,15.888889,-6.222222299999999,-5.888889,12.111111,15.888889,0.40555555,2.1286457000000003,3
204,237,191,0,0.0,0.0,1.0,0.31111106,1.5,1.0111109,7.333333500000001,5.3333335,5.4444447,11.222222,-6.0,-5.6666665,11.666667,11.222222,0.5358196999999999,2.1224225,3
205,36,243,0,0.11111111,0.0,1.888889,1.8518512999999999,2.0,0.7111104,13.333332999999998,9.888889,12.111111,18.0,-10.333333,-3.6666667,14.0,18.0,0.4522286,2.3683104999999998,3
206,186,218,0,0.0,0.0,1.1666666,0.74444425,1.1666665,0.65555507,13.703704,10.666667,12.666667,17.777779000000002,-9.111111,-3.1111112000000003,12.222222,17.777779000000002,0.40134683,2.3826834999999997,3
207,197,236,0,0.0,0.0,2.4444444,6.829628,3.3333333,7.599997999999999,16.074074,13.111111,16.666667999999998,18.444445,-8.888889,1.7777778000000002,7.111111,18.555555,0.29272884,2.7898002,3
208,208,240,0,0.11111111,0.0,1.0555557,0.86296326,2.4444444,5.007407,14.148148999999998,10.888889,13.0,18.555555,-9.777778,-3.4444443999999996,13.222222,18.555555,0.42162097,2.3924873,3
209,223,185,0,0.0,0.0,0.5,0.34960312,2.3888886,2.0807757,12.962963,11.555555,9.777778,17.555555,-4.222222299999999,-9.555555,13.777778,17.555555,0.44541803,1.8388497,3
210,110,189,0,0.0,0.0,1.0000004,0.66666675,1.2222223,1.1863422,12.925925999999999,10.888889,9.222222,18.666667999999998,-6.111111,-11.111111,17.222220999999998,18.666667999999998,0.50813884,1.9108642,3
211,86,187,0,0.0,0.0,1.1111108,0.7200825,1.4444445,0.750309,13.740741,11.666667,10.333333999999999,19.222220999999998,-6.222222299999999,-10.222222,16.444445,19.222220999999998,0.46332908,1.9414648999999997,3
212,225,244,0,0.0,0.0,3.3888886,2.1951127,2.9999998,1.5202343,12.259259,10.333333999999999,9.333333999999999,17.11111,-5.777777700000001,-8.777778,14.555554999999998,17.11111,0.48014903,1.9879022000000002,3
213,47,232,0,0.0,0.0,1.2777778,1.254621,1.0,0.8944273000000001,12.703704,11.0,9.0,18.11111,-5.111111,-11.111111,16.222220999999998,18.11111,0.50096595,1.875362,3
214,97,186,0,0.0,0.0,1.1666671,0.6912147,1.1666671,1.0055404000000001,15.592592000000002,13.888889,11.777778,21.11111,-5.111111,-11.444445,16.555555,21.11111,0.44266057,1.8636538,3
215,157,221,0,0.0,0.0,1.0555555,0.6469299,1.2222222,0.6206328000000001,12.111111,10.222222,8.111112,18.0,-5.6666665,-12.0,17.666666,18.0,0.5491796999999999,1.8771459,3
216,62,224,0,0.0,0.0,0.9444445,1.083547,2.3333334999999997,1.6329931999999998,14.629629999999999,13.222222,11.444445,19.222220999999998,-4.222222299999999,-9.555555,13.777778,19.222220999999998,0.40896538,1.8601908999999999,3
217,27,248,0,0.11111111,0.0,1.611111,0.6469295,3.1666667,1.7224005,15.296296,14.777778,12.888889,18.222220999999998,-1.5555556000000001,-7.222222299999999,8.777778,18.222220999999998,0.31222734,1.7835119,3
218,44,233,0,0.0,0.0,2.2222218999999996,2.1464872,2.111111,1.3277656999999998,14.481482000000002,12.555555,11.333333,19.555555,-5.777777700000001,-9.444445,15.222222,19.555555,0.42217422,1.9504046000000002,3
219,17,229,0,0.0,0.0,2.1111114,1.9851303,2.4444447,1.6147468999999999,13.703704,11.222222,11.111111,18.777779000000002,-7.4444447,-7.777777700000001,15.222222,18.777779000000002,0.43985240000000003,2.0999044999999996,3
220,32,240,0,0.0,0.0,1.2777776,1.5408030000000001,2.2777777,1.7051125,12.148149,9.777778,9.333333999999999,17.333334,-7.111111,-8.444445,15.555554999999998,17.333334,0.47067475,2.0438652,3
221,55,209,0,0.11111111,0.0,1.8333331000000002,1.2952907,1.3888888000000001,0.99814624,12.518517999999998,10.333333999999999,10.333333999999999,16.88889,-6.5555553,-6.5555553,13.111111,16.88889,0.40790388,2.0992203,3
222,138,203,0,0.0,0.0,1.666667,1.6465453,2.2777781000000004,1.8787308,11.259259,8.777778,8.111112,16.88889,-7.4444447,-9.444445,16.88889,16.88889,0.53894526,2.019747,3
223,90,189,0,0.0,0.0,0.88888884,0.7793635,1.0555555,0.82775915,12.888889,10.444445,9.444445,18.777779000000002,-7.333333500000001,-10.333333,17.666666,18.777779000000002,0.49709514,1.9855517,3
224,245,238,0,0.11111111,0.0,1.6666665,2.5385911,2.3333333,2.4404008,8.925925999999999,6.3333335,6.5555553,13.888889,-7.777777700000001,-7.111111,14.888889,13.888889,0.59701496,2.1260629,3
225,58,217,0,0.0,0.0,1.3888888000000001,1.06284,1.6666665,1.3498971000000002,11.925925999999999,9.777778,9.0,17.0,-6.4444447,-8.777778,15.222222,17.0,0.48659843,2.0066419,3
226,146,201,0,0.0,0.0,0.61111087,0.32773054,1.0555555,0.8004625,10.666667,8.666667,7.0,16.333334,-6.0,-11.0,17.0,16.333334,0.5708515000000001,1.9092555,3
227,19,184,0,0.0,0.0,0.5555555,0.34426498,0.8333333,0.62360954,14.222222,12.333333,11.0,19.333334,-5.6666665,-9.666667,15.333332999999998,19.333334,0.43115196,1.9378915,3
228,245,176,0,0.0,0.0,1.0000006,0.5163979999999999,1.0,0.5577736,18.481482,15.111111,17.0,23.333334,-10.111111,-4.4444447,14.555554999999998,23.333334,0.35206997,2.332243,3
229,228,182,0,0.11111111,0.0,0.88888854,0.68853056,0.7777775,0.6554615,16.777779000000002,14.555554999999998,12.777778,23.0,-6.666666499999999,-12.0,18.666666,23.0,0.44435817,1.9164191000000002,3
230,80,203,0,0.0,0.0,1.3888886999999999,0.74286735,1.9444443,1.5263122,12.407408,10.0,9.0,18.222220999999998,-7.222222299999999,-10.222222,17.444445,18.222220999999998,0.5144446,1.9867483,3
231,184,197,0,0.0,0.0,3.0555553,3.2551951,4.5555553,2.7460418,11.962963,8.888889,9.555555,17.444445,-9.222222,-7.222222299999999,16.444445,17.444445,0.51518697,2.164262,3
232,85,223,0,0.11111111,0.0,1.7777776,1.0470416999999999,1.9444445,1.5116831,14.740741,12.666667,11.555555,20.0,-6.222222299999999,-9.555555,15.777778,20.0,0.42312294,1.9665359,3
233,162,237,0,0.11111111,0.0,2.2777777,1.1434193000000001,2.6666667,2.564718,13.222222,10.888889,10.0,18.777779000000002,-7.0,-9.666667,16.666666,18.777779000000002,0.47282594,1.9903806,3
234,116,245,0,0.0,0.0,2.277778,1.1626908999999999,2.2777777,1.496911,16.37037,13.555554999999998,14.333332999999998,21.222220999999998,-8.444445,-6.111111,14.555554999999998,21.222220999999998,0.38490298,2.1980507,3
235,44,187,0,0.0,0.0,1.4444448,0.34426490000000004,0.8333335,1.0274024,15.222222,13.222222,12.777778,19.666667999999998,-6.0,-7.333333500000001,13.333332999999998,19.666667999999998,0.35552603,2.0384830000000003,3
236,215,219,0,0.0,0.0,2.5555556,2.2377238,3.2222223,2.4914669999999997,13.222222,10.333333999999999,10.222222,19.11111,-8.666667,-9.0,17.666666,19.11111,0.49459508,2.0861003,3
237,200,250,0,0.0,0.0,2.2777777,1.4207459999999998,1.4444445,1.0255988,9.222222,6.5555553,7.333333500000001,13.777778,-8.0,-5.6666665,13.666667000000002,13.777778,0.5633903,2.1929355,3
238,114,238,0,0.0,0.0,1.666667,1.1352924,1.4444445,1.0680548,13.629629999999999,11.111111,10.666667,19.11111,-7.5555553,-8.888889,16.444445,19.11111,0.46145898,2.0466826,3
239,30,251,0,0.0,0.0,2.444444,1.8816857,8.0,1.6055424999999999,20.666666,21.444445,17.777779000000002,22.777779000000002,2.3333333,-8.666667,6.3333335,22.777779000000002,0.23141664,1.2870603999999999,3
240,34,164,0,0.0,0.0,0.8888889999999999,0.40368673,1.2777778,0.49065349,11.333333,9.222222,10.333333999999999,14.444445000000002,-6.3333335,-3.0,9.333333,14.444445000000002,0.367923,2.291118,3
241,102,203,0,0.0,0.0,0.6666665,0.760117,1.3333331,0.8944271999999999,9.777778,7.4444447,6.4444447,15.444445000000002,-7.0,-10.0,17.0,15.444445000000002,0.5918262,1.9847853,3
242,217,245,0,0.11111111,0.11111111,3.1666667,3.0166214,2.1666667,1.2427571000000002,9.740741,7.4444447,7.111111,14.666667000000002,-6.888889,-7.888889,14.777778,14.666667000000002,0.57276654,2.0694523,3
243,163,210,0,0.0,0.0,1.5555555,0.5443307,1.4999999,0.9603243,11.851851,9.333333999999999,8.888889,17.333334,-7.5555553,-8.888889,16.444445,17.333334,0.48873982,2.0437257,3
244,4,188,0,0.0,0.0,1.5555555,0.68853056,2.333333,0.7601161999999999,15.740741,13.333332999999998,14.0,19.88889,-7.222222299999999,-5.222222299999999,12.444445,19.88889,0.34240820000000005,2.2046695,3
245,34,169,0,0.0,0.0,0.8333333,0.5055251000000001,1.6111111999999999,0.8798151,12.814815,10.666667,9.777778,18.0,-6.4444447,-9.111111,15.555554999999998,18.0,0.46356925,1.9931828999999999,3
246,47,209,0,0.0,0.0,1.7222221999999998,1.2895589,1.388889,0.92895794,11.62963,9.555555,9.222222,16.11111,-6.222222299999999,-7.222222299999999,13.444445000000002,16.11111,0.46432462,2.0609547999999998,3
247,158,195,0,0.0,0.0,2.4444442000000004,2.3444182999999996,2.8333333,1.7224011000000001,11.703704,9.444445,8.555555,17.11111,-6.777777700000001,-9.444445,16.222220999999998,17.11111,0.5177167,2.011228,3
248,176,233,0,0.11111111,0.0,1.4444443,1.1482676,2.611111,1.9022400000000002,12.481482000000002,10.333333999999999,8.333333999999999,18.777779000000002,-6.4444447,-12.444445,18.88889,18.777779000000002,0.5548810000000001,1.9036856,3
249,223,185,0,0.0,0.0,0.5,0.34960312,2.3888886,2.0807757,12.962963,11.555555,9.777778,17.555555,-4.222222299999999,-9.555555,13.777778,17.555555,0.44541803,1.8388497,3
250,10,223,0,0.11111111,0.0,1.5000001,1.0697871,3.5555559999999997,2.9489486,15.037037,13.777778,12.888889,18.444445,-3.7777777,-6.4444447,10.222222,18.444445,0.33066535,1.9109453999999997,3
251,166,222,0,0.0,0.0,1.5555555,0.83444345,1.1666665,0.6236094,10.481482000000002,8.666667,6.666666499999999,16.11111,-5.4444447,-11.444445,16.88889,16.11111,0.58765954,1.8704866999999998,3
252,175,212,0,0.11111111,0.0,1.0000001,0.666667,1.8333334,1.345775,12.296296,10.0,9.0,17.88889,-6.888889,-9.888889,16.777779000000002,17.88889,0.4987573,1.9744948,3
253,88,211,0,0.22222222,0.0,1.388889,0.87981474,2.4444444,1.4555133999999998,10.814815,8.888889,7.666666499999999,15.888889,-5.777777700000001,-9.444445,15.222222,15.888889,0.52432793,1.9408314999999998,3
254,170,226,0,0.0,0.0,1.5555553,1.4246508,2.3888887999999997,1.2895594,11.888889,10.111111,8.0,17.555555,-5.3333335,-11.666667,17.0,17.555555,0.5483296999999999,1.8725060000000002,3
255,75,226,0,0.0,0.0,2.2222226000000003,0.6554613,1.611111,1.0201668,16.703703,15.333332999999998,13.0,21.777779000000002,-4.111111,-11.111111,15.222222,21.777779000000002,0.40474883,1.8223403000000002,3
256,2,198,0,0.11111111,0.0,0.8888889999999999,0.6206326999999999,1.9444448,1.3567388999999999,12.185185,9.666667,10.555555,16.333334,-7.5555553,-4.888889,12.444445,16.333334,0.41577159999999996,2.2212758,3
257,85,225,0,0.0,0.0,1.5,1.0055401,1.6111113000000001,1.2895594,16.185184,14.444445000000002,12.777778,21.333334,-5.222222299999999,-10.222222,15.444445000000002,21.333334,0.40115124,1.8910155,3
258,165,186,0,0.0,0.0,2.5555546000000002,1.5729187,2.0,1.1737879999999998,49.51852,45.11111,61.11111,42.333335999999996,-13.222222,34.77778,-21.555555,61.11111,0.3072572,-1.9408131000000002,4
259,64,176,0,0.0,0.0,2.3333328,0.91893756,1.0000006,0.91893756,50.77778,46.0,62.33333199999999,44.0,-14.333332999999998,34.666668,-20.333334,62.33333199999999,0.29405567,-1.9808796999999998,4
260,200,189,0,0.0,0.0,1.1111113000000001,1.0886619,3.1666667,1.0055408000000001,49.666668,45.11111,60.88889,43.0,-13.666667000000002,33.666668,-20.0,60.88889,0.2938097,-1.9732205000000003,4
261,135,185,0,0.11111111,0.0,2.2222214,2.8100352,2.2777792999999997,1.2895584,47.962963,44.11111,57.33333199999999,42.444443,-11.555555,28.111109999999996,-16.555555,57.33333199999999,0.2591888,-1.9820988000000002,4
262,183,185,0,0.0,0.0,2.8888881,1.4246495000000001,5.7777769999999995,5.556445,44.962963,40.666668,55.0,39.22222,-12.888889,30.111109999999996,-17.222220999999998,55.0,0.28574014,-2.0049881999999997,4
263,253,192,0,0.0,0.0,2.1666667,2.0083156000000004,2.5555553,1.5444031999999999,47.51852,42.333335999999996,59.22221999999999,41.0,-15.555554999999998,35.11111,-19.555555,59.22221999999999,0.30747290000000005,-2.020234,4
264,54,176,0,0.0,0.0,2.1111126000000002,0.68853056,2.6666672,2.6915512,50.666668,46.0,62.66666800000001,43.333332,-14.0,36.0,-22.0,62.66666800000001,0.30857325,-1.9514096999999997,4
265,86,179,0,0.0,0.0,2.0,1.2823589,3.5555559999999997,3.0743864,50.555557,45.77778,62.11111,43.77778,-14.333332999999998,34.666668,-20.333334,62.11111,0.29654688,-1.9786568,4
266,250,196,0,0.0,0.0,1.4999993999999999,1.5018506,2.2777767000000004,1.2186811000000002,47.77778,42.666668,58.77778000000001,41.88889,-15.333332999999998,33.0,-17.666666,58.77778000000001,0.28913772,-2.0459956999999998,4
267,237,192,0,0.11111111,0.0,0.8333333,0.54772305,4.3888893,3.5239922999999997,46.37037,41.11111,57.66666800000001,40.333335999999996,-15.777778,33.88889,-18.11111,57.66666800000001,0.3026748,-2.047243,4
268,214,194,0,0.0,0.0,1.222222,1.0255985,3.2222226000000003,1.6953098999999998,45.074073999999996,40.22222,55.44444300000001,39.555557,-14.555554999999998,31.111109999999996,-16.555555,55.44444300000001,0.29197225,-2.0469983,4
269,160,187,0,0.11111111,0.0,2.6111119,1.9369694,5.1111107,3.5381508000000004,49.48148,44.666668,60.88889,42.88889,-14.444445000000002,34.22222,-19.777779000000002,60.88889,0.2973408,-1.9906267,4
270,201,191,0,0.0,0.0,1.0000006,0.76011723,2.944444,1.0201671,49.185184,44.666668,59.77778000000001,43.11111,-13.555554999999998,31.777779,-18.222220999999998,59.77778000000001,0.27888620000000003,-1.9989927,4
271,217,195,0,0.0,0.0,4.2222233000000005,3.2840809999999996,2.3888892999999998,2.102027,45.074073999999996,39.666668,55.55555699999999,40.0,-16.222220999999998,31.444445,-15.222222,55.55555699999999,0.2929567,-2.1185718,4
272,185,188,0,0.0,0.0,1.7777767,1.1287483999999999,1.9999993999999999,1.2472184,50.185184,45.0,62.11111,43.444443,-15.555554999999998,35.77778,-20.222220999999998,62.11111,0.30042979999999997,-2.0073802,4
273,65,176,0,0.0,0.0,2.8888886,1.4707014999999999,1.5,1.1690452,49.74074,45.22222,61.0,43.0,-13.555554999999998,33.77778,-20.222220999999998,61.0,0.29478699999999997,-1.9657031000000003,4
274,251,195,0,0.0,0.0,2.944444,2.8784,3.833334,2.3546652999999997,47.925926000000004,42.555557,59.22221999999999,42.0,-16.11111,33.88889,-17.777779000000002,59.22221999999999,0.29187490000000005,-2.0567336,4
275,149,182,0,0.11111111,0.0,3.1111126000000002,3.2087827,7.0,5.6489916,39.851852,37.22222,47.333332,35.0,-7.888889,22.444445,-14.555554999999998,47.333332,0.24779001,-1.8682772,4
276,171,187,0,0.0,0.11111111,2.9444453999999998,1.7309813000000003,2.6666672,2.4312777999999997,48.37037,43.333332,60.11111,41.666668,-15.111111,35.22222,-20.11111,60.11111,0.3067255,-1.9985466,4
277,249,200,0,0.0,0.0,2.5555546000000002,2.6218467,2.5,1.2064643,45.296295,40.666668,55.77778000000001,39.444443,-13.888889,31.444445,-17.555555,55.77778000000001,0.29278436,-2.0166461,4
278,24,172,0,0.0,0.0,1.166667,0.9128703000000001,9.777778,5.455545,42.037037,38.0,50.333332,37.77778,-12.111111,24.88889,-12.777778,50.333332,0.24983571,-2.1437180000000002,4
279,129,184,0,0.11111111,0.0,2.222222,0.91084087,3.6111114,1.8186271,45.22222,41.77778,54.44444300000001,39.444443,-10.333333,27.666665999999996,-17.333334,54.44444300000001,0.2758183,-1.9301959,4
280,77,177,0,0.0,0.0,1.3333327,1.3333343999999998,2.1666672,1.9748423,48.407406,44.22222,59.33333199999999,41.666668,-12.555555,32.77778,-20.222220999999998,59.33333199999999,0.29743084,-1.9404231,4
281,189,187,0,0.0,0.0,1.2222226999999999,1.0036974,3.0555553,2.3890192999999997,48.51852,44.11111,59.88889,41.555557,-13.222222,34.11111,-20.88889,59.88889,0.30575457,-1.9474715,4
282,53,176,0,0.0,0.0,1.9444453000000002,0.8798155000000001,1.5555558999999999,1.9962938000000001,50.296295,45.444443,62.11111,43.333332,-14.555554999999998,35.444443,-20.88889,62.11111,0.3024212,-1.9775702000000002,4
283,223,190,0,0.0,0.0,1.9999993999999999,1.0327959,2.055556,1.4669192,46.88889,42.0,57.77778000000001,40.88889,-14.666667000000002,32.666668,-18.0,57.77778000000001,0.29222646,-2.0251334,4
284,188,190,0,0.0,0.0,1.9444447,0.9756285,2.055556,1.1038649999999999,48.88889,44.22222,60.0,42.444443,-14.0,33.333332,-19.333334,60.0,0.29230747,-1.9863075000000001,4
285,205,190,0,0.0,0.0,1.2777773000000001,0.9981452,1.6111107,1.1238158,49.48148,44.77778,60.66666800000001,43.0,-14.111111,33.555557,-19.444445,60.66666800000001,0.29078844,-1.9875988999999998,4
286,214,195,0,0.0,0.0,0.8333333,0.6582802,2.0,0.9660913000000001,46.555557,41.11111,57.33333199999999,41.22222,-16.333334,32.333332,-16.0,57.33333199999999,0.29029859999999996,-2.1013772,4
287,147,182,0,0.0,0.0,2.2777786,1.7051128,2.9444447,1.5974518999999998,43.592594,40.333335999999996,52.55555699999999,37.88889,-9.777778,26.888890000000004,-17.11111,52.55555699999999,0.27866945,-1.9191672,4
288,70,177,0,0.0,0.0,2.166666,1.0697887,1.666666,1.1737879999999998,49.444443,45.0,61.0,42.333335999999996,-13.333332999999998,34.666668,-21.333334,61.0,0.30596185,-1.9426625,4
289,173,190,0,0.11111111,0.0,2.3333328,2.5647182,1.5555558999999999,1.2049291000000002,50.444443,44.88889,62.33333199999999,44.11111,-16.666666,35.666668,-19.0,62.33333199999999,0.29212540000000004,-2.048697,4
290,215,193,0,0.0,0.0,1.9999993999999999,0.5163988,4.8333335,1.2952919,45.22222,40.88889,55.33333199999999,39.444443,-13.0,30.333334000000004,-17.333334,55.33333199999999,0.28924206,-2.0001178,4
291,168,184,0,0.0,0.0,4.6666665,1.5202328999999999,5.8333325,1.8104627,48.25926,43.88889,58.66666800000001,42.22222,-13.111111,31.222221,-18.11111,58.66666800000001,0.2781955,-1.9867758000000002,4
292,227,196,0,0.0,0.0,2.6111114,2.360949,3.5555565000000002,1.6953093999999997,47.185184,42.11111,58.22221999999999,41.22222,-15.222222,33.11111,-17.88889,58.22221999999999,0.29246890000000003,-2.0394914,4
293,202,193,0,0.0,0.0,1.111112,0.7503075,3.3888881,2.489236,41.703705,37.88889,50.666668,36.555557,-11.444445,26.888890000000004,-15.444445000000002,50.666668,0.27838665,-1.9929974999999998,4
294,185,186,0,0.0,0.0,2.1666667,1.8589127,2.9999993,1.3498974,48.22222,44.0,58.88889,41.77778,-12.666667,32.0,-19.333334,58.88889,0.29042712,-1.9560229,4
295,248,200,0,0.0,0.0,1.388888,0.9525792,1.7777779999999999,1.1674607,46.11111,41.333335999999996,56.55555699999999,40.444443,-14.333332999999998,31.333334000000004,-17.0,56.55555699999999,0.28666258,-2.0380163000000002,4
296,253,201,0,0.0,0.0,2.9999993,2.6915497999999998,2.8333328,2.3357134,43.962963,39.22222,53.88889,38.77778,-14.222222,29.777779,-15.555554999999998,53.88889,0.28082979999999996,-2.0678604,4
297,252,201,0,0.0,0.0,4.6111107,5.495115,5.5555553,5.795274,40.296295,35.77778,49.0,36.11111,-13.555554999999998,26.11111,-12.555555,49.0,0.2753682,-2.1758256,4
298,228,191,0,0.0,0.0,1.4444447,0.6206325,2.3333328,1.1925693000000002,49.22222,44.0,60.55555699999999,43.11111,-15.666667000000002,34.0,-18.333334,60.55555699999999,0.28958246,-2.040515,4
299,102,179,0,0.11111111,0.0,1.8333334,1.5311582000000001,2.4444447,1.8816848000000002,49.185184,44.88889,59.77778000000001,42.88889,-12.888889,31.777779,-18.88889,59.77778000000001,0.28268683,-1.9703979999999999,4
300,235,196,0,0.0,0.0,1.6666666,1.333334,2.222222,1.1482682,47.25926,41.77778,58.55555699999999,41.444443,-16.444445,33.88889,-17.444445,58.55555699999999,0.29423782,-2.0746154999999997,4
301,110,182,0,0.0,0.0,2.3888892999999998,1.7940235,2.555556,1.5587274,46.37037,42.666668,56.33333199999999,40.11111,-11.111111,29.888890000000004,-18.777779000000002,56.33333199999999,0.28764573,-1.9300476000000002,4
302,209,191,0,0.0,0.11111111,3.0555553,2.3037815,5.722222,6.071487,48.22222,43.88889,58.66666800000001,42.11111,-13.0,31.333334000000004,-18.333334,58.66666800000001,0.27976418,-1.9649009999999998,4
303,235,195,0,0.0,0.0,1.8888886999999999,2.0940824,2.9999987999999997,1.7384534,48.333332,42.77778,59.66666800000001,42.555557,-16.666666,34.0,-17.333334,59.66666800000001,0.29058507,-2.0810955,4
304,236,193,0,0.0,0.0,2.6666653,1.6865476000000001,4.0555553,3.2756124,49.11111,43.333332,61.22221999999999,42.77778,-17.333334,36.333332,-19.0,61.22221999999999,0.30314395,-2.0654206000000004,4
305,180,186,0,0.11111111,0.0,1.5000013,1.7981453,1.9444441000000003,1.7815933000000002,49.62963,45.0,61.33333199999999,42.555557,-13.888889,35.11111,-21.222220999999998,61.33333199999999,0.30616122,-1.9580852,4
306,181,186,0,0.11111111,0.0,2.9444453999999998,2.7114286,2.0555553,1.6788442,48.814816,44.11111,60.44444300000001,41.88889,-14.111111,34.88889,-20.777779000000002,60.44444300000001,0.30702683,-1.9685109,4
307,132,182,0,0.0,0.0,0.8888893,0.655462,2.1111114,1.7722134999999999,43.51852,40.22222,52.55555699999999,37.77778,-9.888889,27.111109999999996,-17.222220999999998,52.55555699999999,0.2807636,-1.9173490000000002,4
308,133,181,0,0.0,0.0,2.3888892999999998,2.1645303,4.7777769999999995,2.8648567000000003,41.25926,37.77778,49.555557,36.444443,-10.444445,24.88889,-14.444445000000002,49.555557,0.26561940000000006,-1.9983681,4
309,227,195,0,0.11111111,0.0,2.5,2.2385526000000002,3.5000007000000006,2.8886762000000004,47.74074,42.77778,58.55555699999999,41.88889,-14.888889,32.444443,-17.555555,58.55555699999999,0.28449497,-2.038956,4
310,142,183,0,0.11111111,0.0,1.0,0.8692274999999999,1.5555553,1.4857352,43.185184,40.22222,52.0,37.333335999999996,-8.888889,26.444445,-17.555555,52.0,0.28154,-1.8877307,4
311,167,190,0,0.0,0.0,3.055556,0.85418355,5.055556,2.784215,51.074073999999996,44.88889,63.22221999999999,45.11111,-18.555555,36.444443,-17.88889,63.22221999999999,0.29895782,-2.1126902000000003,4
312,23,172,0,0.0,0.0,1.333334,0.8944271999999999,9.166667,5.856621700000001,42.333332,38.0,51.22222,37.77778,-13.0,26.666665999999996,-13.666667000000002,51.22222,0.26545405,-2.1265585,4
313,142,185,0,0.11111111,0.0,2.2777786,1.7690771,3.1111114,1.1674604,47.814816,43.88889,58.22221999999999,41.333335999999996,-11.777778,31.222221,-19.444445,58.22221999999999,0.28914437,-1.9379240000000002,4
314,200,193,0,0.0,0.0,2.555556,2.0403337,4.6111107,3.5926886,41.185184,37.444443,50.0,36.11111,-11.222222,26.444445,-15.222222,50.0,0.27987626,-1.9958013,4
315,178,185,0,0.0,0.0,2.6111119,1.8063676,3.1111114,2.2771008,49.037037,44.0,60.66666800000001,42.444443,-15.111111,34.88889,-19.777779000000002,60.66666800000001,0.30003616,-2.006186,4
316,233,197,0,0.0,0.11111111,3.8888873999999998,2.78621,2.0,1.2649122,49.74074,44.333332,61.44444300000001,43.444443,-16.222220999999998,35.11111,-18.88889,61.44444300000001,0.29465598,-2.0433986,4
317,169,186,0,0.0,0.22222222,2.333334,1.6599869999999999,5.5000005,2.5188184,49.444443,44.666668,61.11111,42.555557,-14.333332999999998,35.0,-20.666666,61.11111,0.30344796,-1.9743939999999998,4
318,118,180,0,0.0,0.0,1.9444447,1.4819913,3.1111114,1.0886628999999999,48.555557,44.11111,59.0,42.555557,-13.333332999999998,31.333334000000004,-18.0,59.0,0.27882218,-1.9960422999999998,4
319,234,194,0,0.0,0.22222222,1.4444453000000002,1.9512585,3.8333333,3.0894084,48.62963,43.0,60.33333199999999,42.555557,-16.88889,35.11111,-18.222220999999998,60.33333199999999,0.29836866,-2.0718758000000004,4
320,142,182,0,0.11111111,0.0,1.1111113000000001,0.8344437,2.7777773999999997,2.051197,43.62963,40.333335999999996,52.88889,37.666668,-9.888889,27.777779,-17.88889,52.88889,0.28686288,-1.9049776999999999,4
321,240,195,0,0.0,0.0,1.8888886999999999,1.1674597,1.8333346000000001,1.7094509999999998,48.851852,43.22222,60.66666800000001,42.666668,-16.88889,35.444443,-18.555555,60.66666800000001,0.3003628,-2.0630436000000003,4
322,224,190,0,0.0,0.0,2.8888886,2.1361103,3.0000007,1.8499245999999998,47.48148,42.444443,58.66666800000001,41.333335999999996,-15.111111,33.555557,-18.444445,58.66666800000001,0.29562140000000003,-2.0259419999999997,4
323,174,188,0,0.0,0.0,2.8888886,2.8803291,3.6111107000000002,2.23524,50.407406,45.444443,62.0,43.77778,-14.888889,34.77778,-19.88889,62.0,0.29399088,-1.9950715,4
324,252,195,0,0.0,0.0,2.6111119,2.091428,3.722222,2.2052138,47.666668,42.444443,58.77778000000001,41.77778,-15.666667000000002,33.333332,-17.666666,58.77778000000001,0.28878826,-2.0516715,4
325,149,185,0,0.0,0.0,1.5555553,1.0680546,3.0555553,1.9254627,49.333332,45.333332,59.55555699999999,43.11111,-12.0,30.666665999999996,-18.666666,59.55555699999999,0.2758892,-1.9527698,4
326,118,182,0,0.11111111,0.0,1.7777779999999999,1.2938610000000001,2.500002,1.42595,45.0,41.666668,54.33333199999999,39.0,-10.0,28.0,-18.0,54.33333199999999,0.28187475,-1.9106771,4
327,170,189,0,0.0,0.0,2.277778,1.3235757,2.4444447,1.7847092,51.11111,45.77778,63.33333199999999,44.22222,-16.0,36.666668,-20.666666,63.33333199999999,0.30134642,-2.0089307,4
328,182,186,0,0.11111111,0.0,3.666666,2.0439608,1.7777767,1.2412661,48.444443,43.77778,59.88889,41.666668,-14.0,34.333332,-20.333334,59.88889,0.30452195,-1.9730555,4
329,10,172,0,0.0,0.0,4.2777769999999995,4.38896,6.6666656,7.360555000000001,44.77778,40.333335999999996,54.66666800000001,39.333335999999996,-13.333332999999998,29.666665999999996,-16.333334,54.66666800000001,0.27804413,-2.0524528,4
330,229,195,0,0.0,0.0,4.166666,2.2779152000000003,4.111111,2.2476342000000002,47.703705,42.444443,58.88889,41.77778,-15.777778,33.555557,-17.777779000000002,58.88889,0.29027814,-2.0527046,4
331,177,190,0,0.0,0.0,0.94444466,0.82775986,1.3888893,0.9525794,52.407406,47.333332,64.55556,45.333332,-15.222222,36.444443,-21.222220999999998,64.55556,0.29773334,-1.9858987000000001,4
332,240,192,0,0.0,0.0,2.3888881,0.6469305000000001,4.3888893,2.3796992,45.962963,40.555557,58.11111,39.22222,-16.222220999999998,36.444443,-20.222220999999998,58.11111,0.32560807,-2.0165783999999998,4
333,236,194,0,0.0,0.0,2.666666,1.9321826000000002,2.4444435,1.7971164000000002,50.11111,44.22222,62.44444300000001,43.666668,-17.666666,37.0,-19.333334,62.44444300000001,0.30066735,-2.0642767,4
334,117,181,0,0.11111111,0.0,1.8333334,1.2427571000000002,3.0000007,2.054805,46.88889,43.0,56.88889,40.77778,-11.666667,30.0,-18.333334,56.88889,0.28328654,-1.9490879,4
335,186,188,0,0.0,0.0,1.8333321,1.2605107,1.9444433,1.2546208,49.962963,45.11111,61.44444300000001,43.333332,-14.555554999999998,34.444443,-19.88889,61.44444300000001,0.29477406,-1.9934397000000001,4
336,9,171,0,0.0,0.0,1.4999993999999999,1.0055392,2.7777773999999997,1.6420400000000002,45.925926000000004,41.0,57.22221999999999,39.555557,-14.777778,33.88889,-19.11111,57.22221999999999,0.30794257,-2.0107226000000002,4
337,190,188,0,0.0,0.0,2.0000006999999997,1.5634716999999998,2.2777773999999997,1.7815938000000002,49.703705,44.666668,61.77778000000001,42.666668,-15.111111,36.22222,-21.11111,61.77778000000001,0.30923617,-1.9845647000000002,4
338,244,194,0,0.0,0.0,1.7222220000000001,1.14342,2.277778,2.03761,49.74074,44.444443,61.66666800000001,43.11111,-15.888889,35.77778,-19.88889,61.66666800000001,0.30085307,-2.0218375,4
339,205,194,0,0.0,0.0,1.6111107,1.2003093,5.388889,3.0435103999999997,41.296295,37.11111,50.444443,36.333335999999996,-12.555555,27.444445,-14.888889,50.444443,0.28055963,-2.0375679,4
340,88,180,0,0.0,0.0,1.4999993999999999,0.93689823,3.833332,2.888675,50.407406,45.22222,62.33333199999999,43.666668,-15.555554999999998,35.77778,-20.222220999999998,62.33333199999999,0.3009182,-2.0087192,4
341,62,177,0,0.0,0.0,1.2777786,0.8798145,1.6666672999999999,0.9428091000000001,51.074073999999996,46.333332,63.11111,43.77778,-14.222222,36.11111,-21.88889,63.11111,0.30621472,-1.9560046000000002,4
342,2,171,0,0.0,0.0,1.9444447,1.2186808999999998,3.6666667,3.1269426,45.77778,41.0,56.33333199999999,40.0,-14.333332999999998,31.666665999999996,-17.333334,56.33333199999999,0.28798285,-2.0329285,4
343,169,190,0,0.0,0.0,3.1111114,1.8094412,2.8888892999999998,2.0940847,52.55555699999999,46.88889,65.0,45.77778,-17.0,37.333332,-20.333334,65.0,0.2970586,-2.0348296,4
344,32,173,0,0.0,0.0,1.7222217,1.7815932,9.0,6.749488,43.592594,39.555557,52.88889,38.333335999999996,-12.111111,27.888890000000004,-15.777778,52.88889,0.26691392,-1.9988575000000002,4
345,205,190,0,0.0,0.0,1.2777773000000001,0.9981452,1.6111107,1.1238158,49.48148,44.77778,60.66666800000001,43.0,-14.111111,33.555557,-19.444445,60.66666800000001,0.29078844,-1.9875988999999998,4
346,204,194,0,0.0,0.0,2.6111114,1.9254627,5.1111107,3.4167332999999998,41.037037,37.0,49.77778,36.333335999999996,-12.111111,26.222221,-14.111111,49.77778,0.27541482,-2.0452008000000004,4
347,187,36,0,0.0,0.0,0.38888884,0.2509243,0.4999999,0.2788868,7.5185184000000005,4.777777700000001,13.0,4.777777700000001,-8.222222,16.444445,-8.222222,13.0,0.6486569000000001,-2.0972927,6
348,225,36,0,0.0,0.0,0.44444457,0.27216554,0.38888893,0.32773070000000004,7.9259257,5.0,13.666667000000002,5.111111,-8.777778,17.222220999999998,-8.444445,13.666667000000002,0.63492066,-2.1073034,6
349,222,145,0,0.0,0.0,0.0,0.0,0.0,0.0,0.0,0.0,0.0,0.0,0.0,0.0,0.0,0.0,0.0,0.0,6
350,242,148,0,0.0,0.0,0.0,0.0,0.0,0.0,0.0,0.0,0.0,0.0,0.0,0.0,0.0,0.0,0.0,0.0,6
351,125,149,0,0.0,0.0,0.0,0.0,0.0,0.0,0.0,0.0,0.0,0.0,0.0,0.0,0.0,0.0,0.0,0.0,6
352,200,31,0,0.0,0.0,2.111111,1.2232319999999999,5.055555,2.6784470000000002,11.259259,8.333333999999999,16.555555,8.888889,-8.777778,15.888889,-7.111111,16.555555,0.5009438,-2.1719491,6
353,221,30,0,0.0,0.0,1.0555556000000001,0.8541837,1.6666666,1.6329935,8.481482000000002,6.111111,13.111111,6.222222299999999,-7.111111,13.888889,-6.777777700000001,13.111111,0.5185864,-2.05997,6
354,240,63,0,0.0,0.0,0.55555564,0.5443313,0.38888916,0.38968176,8.962963,6.3333335,14.0,6.5555553,-7.888889,15.111111,-7.222222299999999,14.0,0.54770046,-2.1218371,6
355,137,141,0,0.0,0.0,0.055555562999999995,0.13608278,0.055555556,0.13608277,0.037037037,0.0,0.11111111,0.0,-0.11111111,0.22222222,-0.11111111,0.11111111,0.11111111,-2.0943952,6
356,189,68,0,0.0,0.0,1.1111113000000001,0.58373,1.0555557,0.5340273,6.888889,5.6666665,10.333333999999999,4.6666669999999995,-3.6666667,10.333333,-6.666666499999999,10.333333999999999,0.534151,-1.780255,6
357,222,62,0,0.0,0.0,0.27777782,0.25092420000000004,0.6666667,0.55777335,6.4074073,4.111111,11.444445,3.6666667,-6.888889,15.111111,-8.222222,11.444445,0.68080807,-2.0341523,6
358,128,144,0,0.0,0.0,0.0,0.0,0.0,0.0,0.0,0.0,0.0,0.0,0.0,0.0,0.0,0.0,0.0,0.0,6
359,186,90,0,0.0,0.0,4.444444,1.4555129999999998,0.6666667,0.4714045,10.037037,7.5555553,15.0,7.5555553,-7.4444447,14.888889,-7.4444447,15.0,0.5339284000000001,-2.067026,6
360,184,145,0,0.0,0.0,0.72222227,0.6116159000000001,0.22222222,0.2721655,0.5555555999999999,0.33333334,1.2222222,0.11111111,-0.6666667,2.0,-1.3333334,1.2222222,0.5277778000000001,-1.9209436000000002,6
361,206,12,0,0.0,0.0,2.6111112000000003,1.4819909,4.5,3.3582406000000002,11.444445,8.444445,17.666667999999998,8.222222,-9.0,18.666666,-9.666667,17.666667999999998,0.5437746999999999,-2.0644825,6
362,202,63,0,0.0,0.0,0.38888907,0.32773090000000005,0.44444466,0.27216563,6.0740742999999995,4.0,10.555555,3.6666667,-6.222222299999999,13.444445000000002,-7.222222299999999,10.555555,0.65353537,-2.04457,6
363,196,95,0,0.0,0.0,1.7222220000000001,1.1238165,1.3333335,1.2649110000000001,7.6296296,6.777777700000001,10.777778,5.3333335,-2.5555556,9.444445,-6.888889,10.777778,0.51256585,-1.7492584,6
364,200,13,0,0.0,0.0,1.7777777,1.8579161,0.27777767,0.25092423,9.296296,6.111111,15.888889,5.888889,-9.555555,19.777779000000002,-10.222222,15.888889,0.63273925,-2.0741334,6
365,223,150,0,0.0,0.0,0.0,0.0,0.0,0.0,0.0,0.0,0.0,0.0,0.0,0.0,0.0,0.0,0.0,0.0,6
366,201,34,0,0.0,0.0,4.277778,3.05808,0.44444466,0.4036869,13.740741,9.777778,20.88889,10.555555,-11.888889,21.444445,-9.555555,20.88889,0.5448579000000001,-2.1628716,6
367,231,91,0,0.0,0.0,0.4999999,0.27888656,0.5555554,0.17213255,6.0,4.5555553,9.777778,3.6666667,-4.3333335,11.333333,-7.0,9.777778,0.62065095,-1.9349096999999997,6
368,171,89,0,0.0,0.0,0.0,0.0,0.0,0.0,0.0,0.0,0.0,0.0,0.0,0.0,0.0,0.0,0.0,0.0,6
369,200,147,0,0.0,0.0,0.22222222,0.5443311,0.44444449999999996,0.68853045,0.29629629999999996,0.22222222,0.44444445,0.22222222,-0.22222222,0.44444445,-0.22222222,0.44444445,0.11111111,-2.0943952,6
370,174,152,0,0.0,0.0,0.0,0.0,0.0,0.0,0.0,0.0,0.0,0.0,0.0,0.0,0.0,0.0,0.0,0.0,6
371,208,34,0,0.0,0.0,1.7222224,1.7309811000000002,0.44444449999999996,0.50184834,14.444445000000002,10.777778,21.0,11.555555,-11.0,19.666666,-8.666667,21.0,0.479958,-2.1623826,6
372,218,147,0,0.0,0.0,0.0,0.0,0.0,0.0,0.0,0.0,0.0,0.0,0.0,0.0,0.0,0.0,0.0,0.0,6
373,187,86,0,0.0,0.0,1.0555556000000001,1.0628402,3.0555553,2.5422366000000003,6.703703999999999,4.6666669999999995,10.888889,4.5555553,-6.111111,12.555555,-6.4444447,10.888889,0.5942257,-2.0544748,6
374,253,150,0,0.0,0.0,0.0,0.0,0.0,0.0,0.0,0.0,0.0,0.0,0.0,0.0,0.0,0.0,0.0,0.0,6
375,170,143,0,0.0,0.0,0.0,0.0,0.0,0.0,0.0,0.0,0.0,0.0,0.0,0.0,0.0,0.0,0.0,0.0,6
376,156,154,0,0.0,0.0,0.27777779999999996,0.32773070000000004,0.77777773,0.544331,1.7407408,1.0,3.5555556000000004,0.6666667,-2.2222223,5.4444447,-3.2222223,3.5555556000000004,0.8388889,-1.9882019,6
377,177,33,0,0.0,0.0,1.6666666,1.577621,4.3333335,2.9739609000000002,8.740741,6.4444447,13.111111,6.666666499999999,-6.888889,13.111111,-6.222222299999999,13.111111,0.547103,-2.0561194,6
378,249,58,0,0.0,0.0,1.3333334,0.9428091000000001,0.27777767,0.3277306,8.851851,6.0,14.555554999999998,6.0,-8.555555,17.11111,-8.555555,14.555554999999998,0.6077675,-2.0853417000000003,6
379,182,39,0,0.0,0.0,5.5000005,5.737789,0.611111,0.8798151,9.518517999999998,7.333333500000001,14.333332999999998,6.888889,-6.5555553,14.444445000000002,-7.888889,14.333332999999998,0.5760211,-2.0362277,6
380,155,40,0,0.0,0.0,1.888889,2.072751,0.05555554,0.13608274,1.2592591999999998,1.2222222,1.5555556000000001,1.0,-0.11111111,0.8888889000000001,-0.7777778000000001,1.5555556000000001,0.11666667,-1.5707964,6
381,220,61,0,0.0,0.0,0.27777776,0.13608277,0.5555555999999999,0.27216548,6.888889,4.5555553,12.0,4.111111,-7.0,15.333332999999998,-8.333333,12.0,0.65589225,-2.039459,6
382,206,64,0,0.0,0.0,0.055555504000000006,0.13608263,0.27777776,0.13608277,5.703704,3.6666667,10.333333999999999,3.1111112000000003,-6.111111,13.888889,-7.777777700000001,10.333333999999999,0.6979798,-2.015428,6
383,160,95,0,0.0,0.0,3.2222223,3.5444269999999998,0.22222225,0.4036867,2.148148,2.1111112000000003,2.5555556,1.7777778000000002,-0.11111111,1.2222222,-1.1111111999999999,2.5555556,0.10119048,-1.6289082000000001,6
384,206,61,0,0.0,0.0,0.5555555,0.40368673,0.4999999,0.45946813,7.0740743,4.6666669999999995,12.222222,4.3333335,-7.222222299999999,15.444445000000002,-8.222222,12.222222,0.64589113,-2.0487173,6
385,180,142,0,0.0,0.0,0.16666669,0.27888670000000004,0.11111111,0.17213261,0.11111111,0.0,0.33333334,0.0,-0.33333334,0.6666667,-0.33333334,0.33333334,0.22222222,-2.0943952,6
386,158,154,0,0.0,0.0,0.9444444,1.0835471,0.2222222,0.40368667,0.6296295999999999,0.44444445,1.2222222,0.22222222,-0.5555555999999999,1.7777778000000002,-1.2222222,1.2222222,0.27777779999999996,-1.8611541,6
387,231,30,0,0.0,0.11111111,0.72222215,0.7123252,2.9999998,2.7968237,7.037037,4.777777700000001,11.666667,4.6666669999999995,-6.777777700000001,13.888889,-7.111111,11.666667,0.6137184,-2.0472759999999997,6
388,242,65,0,0.0,0.0,0.5555553000000001,0.27216578,1.0,0.42163682,8.925925999999999,6.111111,14.333332999999998,6.3333335,-8.444445,16.222220999999998,-7.777777700000001,14.333332999999998,0.5834604999999999,-2.1218784,6
389,161,89,0,0.0,0.0,4.6666665,5.1164227,0.16666682,0.27888685,3.1111112000000003,2.8888887999999997,3.7777777,2.6666667,-0.6666667,2.0,-1.3333334,3.7777777,0.09764310000000001,-1.8904839,6
390,242,148,0,0.0,0.0,0.0,0.0,0.0,0.0,0.0,0.0,0.0,0.0,0.0,0.0,0.0,0.0,0.0,0.0,6
391,138,144,0,0.0,0.0,0.8888889000000001,0.86066306,0.27777779999999996,0.53402734,0.6666667,0.5555555999999999,1.0,0.44444445,-0.33333334,1.0,-0.6666667,1.0,0.37037036,-1.9042695,6
392,226,90,0,0.0,0.0,0.77777773,0.62063277,0.38888884,0.2509243,7.185185000000001,5.111111,12.111111,4.3333335,-6.222222299999999,14.777778,-8.555555,12.111111,0.6410182,-1.9895460999999999,6
393,119,153,0,0.0,0.0,5.0555553,5.539421,0.055555504000000006,0.13608263,3.3703703999999997,3.0,3.8888887999999997,3.2222223,-1.1111111999999999,1.5555556000000001,-0.44444445,3.8888887999999997,0.08501683,-2.2217164,6
394,197,144,0,0.0,0.0,0.9444444,0.7123252,0.38888887,0.49065337,0.7037036999999999,0.33333334,1.6666666,0.11111111,-1.1111111999999999,2.8888887999999997,-1.7777778000000002,1.6666666,0.8611110999999999,-1.9869383999999999,6
395,130,145,0,0.0,0.0,0.0,0.0,0.0,0.0,0.0,0.0,0.0,0.0,0.0,0.0,0.0,0.0,0.0,0.0,6
396,187,89,0,0.0,0.0,3.0,1.6055458,1.111111,1.0680546999999998,8.444445,6.3333335,13.0,6.0,-6.3333335,13.666667000000002,-7.333333500000001,13.0,0.548545,-2.0438845000000003,6
397,178,35,0,0.0,0.0,0.44444449999999996,0.34426528,0.38888870000000003,0.25092396,13.481482000000002,10.333333999999999,19.222220999999998,10.888889,-9.444445,17.222220999999998,-7.777777700000001,19.222220999999998,0.45928789999999997,-2.1533325,6
398,173,93,0,0.0,0.0,0.0,0.0,0.0,0.0,0.0,0.0,0.0,0.0,0.0,0.0,0.0,0.0,0.0,0.0,6
399,223,62,0,0.0,0.0,0.3333334,0.29814243,0.44444442,0.50184846,6.4444447,4.111111,11.444445,3.7777777,-7.0,15.0,-8.0,11.444445,0.6703704,-2.0487173,6
400,168,40,0,0.0,0.0,0.0,0.0,0.0,0.0,0.0,0.0,0.0,0.0,0.0,0.0,0.0,0.0,0.0,0.0,6
401,161,144,0,0.0,0.0,0.0,0.0,0.0,0.0,0.0,0.0,0.0,0.0,0.0,0.0,0.0,0.0,0.0,0.0,6
402,225,90,0,0.0,0.0,0.38888893,0.2509241,0.55555564,0.45542005,6.5925927,4.6666669999999995,11.222222,3.8888887999999997,-5.777777700000001,13.888889,-8.111111,11.222222,0.65115255,-1.987466,6
403,189,141,0,0.0,0.0,0.0,0.0,0.0,0.0,0.0,0.0,0.0,0.0,0.0,0.0,0.0,0.0,0.0,0.0,6
404,134,148,0,0.0,0.0,0.11111113,0.17213261,0.055555556,0.13608277,0.037037037,0.0,0.11111111,0.0,-0.11111111,0.22222222,-0.11111111,0.11111111,0.11111111,-2.0943952,6
405,166,36,0,0.0,0.0,0.0,0.0,0.0,0.0,0.0,0.0,0.0,0.0,0.0,0.0,0.0,0.0,0.0,0.0,6
406,241,145,0,0.0,0.0,0.0,0.0,0.0,0.0,0.0,0.0,0.0,0.0,0.0,0.0,0.0,0.0,0.0,0.0,6
407,203,61,0,0.0,0.0,0.16666675,0.2788868,0.7222221,0.44305354,7.0,4.4444447,12.333333,4.222222299999999,-7.666666499999999,16.0,-8.333333,12.333333,0.66625965,-2.0682037,6
408,232,149,0,0.0,0.0,0.0,0.0,0.0,0.0,0.0,0.0,0.0,0.0,0.0,0.0,0.0,0.0,0.0,0.0,6
409,182,152,0,0.0,0.0,0.77777785,0.98130673,0.8333333,1.0903618,0.7777778000000001,0.33333334,1.6666666,0.33333334,-1.3333334,2.6666667,-1.3333334,1.6666666,0.70555556,-2.0943952,6
410,216,151,0,0.0,0.0,0.16666667,0.27888670000000004,0.11111113,0.17213261,0.11111111,0.0,0.33333334,0.0,-0.33333334,0.6666667,-0.33333334,0.33333334,0.22222222,-2.0943952,6
411,220,149,0,0.0,0.0,0.11111113,0.17213261,0.11111113,0.17213261,0.037037037,0.0,0.11111111,0.0,-0.11111111,0.22222222,-0.11111111,0.11111111,0.11111111,-2.0943952,6
412,163,152,0,0.0,0.0,0.0,0.0,0.0,0.0,0.0,0.0,0.0,0.0,0.0,0.0,0.0,0.0,0.0,0.0,6
413,131,144,0,0.0,0.0,0.0,0.0,0.0,0.0,0.0,0.0,0.0,0.0,0.0,0.0,0.0,0.0,0.0,0.0,6
414,180,141,0,0.0,0.0,0.055555562999999995,0.13608278,0.055555556,0.13608277,0.037037037,0.0,0.11111111,0.0,-0.11111111,0.22222222,-0.11111111,0.11111111,0.11111111,-2.0943952,6
415,225,58,0,0.0,0.0,0.3333335,0.42163706,0.44444449999999996,0.34426522,8.333333,5.5555553,14.111111,5.3333335,-8.333333,17.333334,-9.0,14.111111,0.62222224,-2.0685637,6
416,170,154,0,0.0,0.0,0.11111111,0.17213261,0.055555556,0.13608277,0.074074075,0.0,0.22222222,0.0,-0.22222222,0.44444445,-0.22222222,0.22222222,0.22222222,-2.0943952,6
417,238,61,0,0.0,0.0,0.66666657,0.4714045,0.7222221,0.49065334,8.777778,5.888889,14.333332999999998,6.111111,-8.666667,16.666666,-8.0,14.333332999999998,0.5888227,-2.1218371,6
418,189,62,0,0.0,0.0,0.38888893,0.2509241,0.44444442,0.3442651,7.6296296,5.0,13.111111,4.777777700000001,-7.888889,16.444445,-8.555555,13.111111,0.6359381,-2.0669532,6
419,242,57,0,0.0,0.11111111,2.444444,2.3538772999999997,9.277778,2.7601657000000004,15.370370000000001,11.333333,20.88889,13.888889,-12.111111,16.555555,-4.4444447,20.88889,0.46630767,-2.3706132999999996,6
